"rgn_id","year","gaps"
1,1989,"r*S*G"
1,1990,"r*g*r"
1,1991,"r*g*r"
1,1992,"r*g*r"
1,1993,"r*g*r"
1,1994,"r*g*r"
1,1995,"r*g*r"
1,1996,"r*g*r"
1,1997,"r*g*r"
1,1998,"r*g*r"
1,1999,"r*g*r"
1,2000,"r*g*r"
1,2001,"r*g*r"
1,2002,"r*g*r"
1,2003,"r*g*r"
1,2004,"r*g*r"
1,2005,"r*g*r"
1,2006,"r*g*r"
1,2007,"r*g*r"
1,2008,"r*g*r"
1,2009,"r*g*r"
1,2010,"r*g*r"
1,2011,"r*g*r"
1,2012,"r*g*r"
1,2013,"r*g*r"
2,1989,"r*S*G"
2,1990,"r*g*r"
2,1991,"r*g*r"
2,1992,"r*g*r"
2,1993,"r*g*r"
2,1994,"r*g*r"
2,1995,"r*g*r"
2,1996,"r*g*r"
2,1997,"r*g*r"
2,1998,"r*g*r"
2,1999,"r*g*r"
2,2000,"r*g*r"
2,2001,"r*g*r"
2,2002,"r*g*r"
2,2003,"r*g*r"
2,2004,"r*g*r"
2,2005,"r*g*r"
2,2006,"r*g*r"
2,2007,"r*g*r"
2,2008,"r*g*r"
2,2009,"r*g*r"
2,2010,"r*g*r"
2,2011,"r*g*r"
2,2012,"r*g*r"
2,2013,"r*g*r"
3,1989,"r*S*G"
3,1990,"r*g*r"
3,1991,"r*g*r"
3,1992,"r*g*r"
3,1993,"r*g*r"
3,1994,"r*g*r"
3,1995,"r*g*r"
3,1996,"r*g*r"
3,1997,"r*g*r"
3,1998,"r*g*r"
3,1999,"r*g*r"
3,2000,"r*g*r"
3,2001,"r*g*r"
3,2002,"r*g*r"
3,2003,"r*g*r"
3,2004,"r*g*r"
3,2005,"r*g*r"
3,2006,"r*g*r"
3,2007,"r*g*r"
3,2008,"r*g*r"
3,2009,"r*g*r"
3,2010,"r*g*r"
3,2011,"r*g*r"
3,2012,"r*g*r"
3,2013,"r*g*r"
4,1989,"r*S*G"
4,1990,"r*g*r"
4,1991,"r*g*r"
4,1992,"r*g*r"
4,1993,"r*g*r"
4,1994,"r*g*r"
4,1995,"r*g*r"
4,1996,"r*g*r"
4,1997,"r*g*r"
4,1998,"r*g*r"
4,1999,"r*g*r"
4,2000,"r*g*r"
4,2001,"r*g*r"
4,2002,"r*g*r"
4,2003,"r*g*r"
4,2004,"r*g*r"
4,2005,"r*g*r"
4,2006,"r*g*r"
4,2007,"r*g*r"
4,2008,"r*g*r"
4,2009,"r*g*r"
4,2010,"r*g*r"
4,2011,"r*g*r"
4,2012,"r*g*r"
4,2013,"r*g*r"
5,1989,"r*S*G"
5,1990,"r*g_r"
5,1991,"r*g_r"
5,1992,"r*g_r"
5,1993,"r*g_r"
5,1994,"r*g_r"
5,1995,"r*g_r"
5,1996,"r*g_r"
5,1997,"r*g_r"
5,1998,"r*g_r"
5,1999,"r*g_r"
5,2000,"r*g_r"
5,2001,"r*g_r"
5,2002,"r*g_r"
5,2003,"r*g_r"
5,2004,"r*g_r"
5,2005,"r*g_r"
5,2006,"r*g_r"
5,2007,"r*g_r"
5,2008,"r*g_r"
5,2009,"r*g_r"
5,2010,"r*g_r"
5,2011,"r*g_r"
5,2012,"r*g_r"
5,2013,"r*g_c"
6,1989,"_*S*G"
6,1990,"_*g__"
6,1991,"_*g__"
6,1992,"_*g__"
6,1993,"_*g__"
6,1994,"_*g__"
6,1995,"_*g__"
6,1996,"_*g__"
6,1997,"_*g__"
6,1998,"_*g__"
6,1999,"_*g__"
6,2000,"_*g__"
6,2001,"_*g__"
6,2002,"_*g__"
6,2003,"_*g__"
6,2004,"_*g__"
6,2005,"_*g__"
6,2006,"_*g__"
6,2007,"_*g__"
6,2008,"_*g__"
6,2009,"_*g__"
6,2010,"_*g__"
6,2011,"_*g__"
6,2012,"_*g__"
6,2013,"_*g__"
7,1989,"_*S*G"
7,1990,"_*g__"
7,1991,"__g__"
7,1992,"__g__"
7,1993,"__g__"
7,1994,"__g__"
7,1995,"__g__"
7,1996,"__g__"
7,1997,"__g__"
7,1998,"__g__"
7,1999,"__g__"
7,2000,"__g__"
7,2001,"__g__"
7,2002,"__g__"
7,2003,"__g__"
7,2004,"__g__"
7,2005,"__g__"
7,2006,"__g__"
7,2007,"__g__"
7,2008,"__g__"
7,2009,"__g__"
7,2010,"__g__"
7,2011,"__g__"
7,2012,"__g__"
7,2013,"__g__"
8,1989,"r*S*G"
8,1990,"r*g*r"
8,1991,"r*g*_"
8,1992,"r*g*_"
8,1993,"r*g*_"
8,1994,"r*g*_"
8,1995,"r*g*_"
8,1996,"r*g*_"
8,1997,"r*g*_"
8,1998,"r*g*_"
8,1999,"r*g*_"
8,2000,"r*g*_"
8,2001,"r*g*_"
8,2002,"r*g*_"
8,2003,"r*g*_"
8,2004,"r*g*_"
8,2005,"r*g*_"
8,2006,"r*g*_"
8,2007,"r*g*_"
8,2008,"r*g*_"
8,2009,"r*g*_"
8,2010,"r*g*_"
8,2011,"r*g*_"
8,2012,"r*g*_"
8,2013,"r*g*_"
9,1989,"r*S*G"
9,1990,"r*g*_"
9,1991,"r*g*_"
9,1992,"r*g*_"
9,1993,"r*g*_"
9,1994,"r*g*_"
9,1995,"r*g*_"
9,1996,"r*g*_"
9,1997,"r*g*_"
9,1998,"r*g*_"
9,1999,"r*g*_"
9,2000,"r*g*_"
9,2001,"r*g*_"
9,2002,"r*g*_"
9,2003,"r*g*_"
9,2004,"r*g*_"
9,2005,"r*g*_"
9,2006,"r*g*_"
9,2007,"r*g*_"
9,2008,"r*g*_"
9,2009,"r*g*_"
9,2010,"r*g*_"
9,2011,"r*g*_"
9,2012,"r*g*_"
9,2013,"r*g*_"
10,1989,"r*S*G"
10,1990,"r*g*r"
10,1991,"r*g*r"
10,1992,"r*g*r"
10,1993,"r*g*r"
10,1994,"r*g*r"
10,1995,"r*g*r"
10,1996,"r*g*r"
10,1997,"r*g*r"
10,1998,"r*g*r"
10,1999,"r*g*r"
10,2000,"r*g*r"
10,2001,"r*g*r"
10,2002,"r*g*r"
10,2003,"r*g*r"
10,2004,"r*g*r"
10,2005,"r*g*r"
10,2006,"r*g*r"
10,2007,"r*g*r"
10,2008,"r*g*r"
10,2009,"r*g*r"
10,2010,"r*g*r"
10,2011,"r*g*r"
10,2012,"r*g*r"
10,2013,"r*g*c"
11,1989,"r*S*G"
11,1990,"r*g*_"
11,1991,"r*g*_"
11,1992,"r*g*_"
11,1993,"r*g*_"
11,1994,"r*g*_"
11,1995,"r*g*_"
11,1996,"r*g*_"
11,1997,"r*g*_"
11,1998,"r*g*_"
11,1999,"r*g*_"
11,2000,"r*g*_"
11,2001,"r*g*_"
11,2002,"r*g*_"
11,2003,"r*g*_"
11,2004,"r*g*_"
11,2005,"r*g*_"
11,2006,"r*g*_"
11,2007,"r*g*_"
11,2008,"r*g*_"
11,2009,"r*g*_"
11,2010,"r*g*_"
11,2011,"r*g*_"
11,2012,"r*g*_"
11,2013,"r*g*_"
12,1989,"r*S*G"
12,1990,"r*g*r"
12,1991,"r*g*r"
12,1992,"r*g*r"
12,1993,"r*g*r"
12,1994,"r*g*r"
12,1995,"r*g*r"
12,1996,"r*g*r"
12,1997,"r*g*r"
12,1998,"r*g*r"
12,1999,"r*g*r"
12,2000,"r*g*r"
12,2001,"r*g*r"
12,2002,"r*g*r"
12,2003,"r*g*r"
12,2004,"r*g*r"
12,2005,"r*g*r"
12,2006,"r*g*r"
12,2007,"r*g*r"
12,2008,"r*g*r"
12,2009,"r*g*r"
12,2010,"r*g*r"
12,2011,"r*g*r"
12,2012,"r*g*r"
12,2013,"r*g*r"
13,1989,"r*S*G"
13,1990,"r*g_r"
13,1991,"r*g_r"
13,1992,"r*g_r"
13,1993,"r*g_r"
13,1994,"r*g_r"
13,1995,"r*g_r"
13,1996,"r*g_r"
13,1997,"r*g_r"
13,1998,"r*g_r"
13,1999,"r*g_r"
13,2000,"r*g_r"
13,2001,"r*g_r"
13,2002,"r*g_r"
13,2003,"r*g_r"
13,2004,"r*g_r"
13,2005,"r*g_r"
13,2006,"r*g_r"
13,2007,"r*g_r"
13,2008,"r*g_r"
13,2009,"r*g_r"
13,2010,"r*g_r"
13,2011,"r*g_r"
13,2012,"r*g_r"
13,2013,"r*g_c"
14,1989,"_*_**"
14,1990,"_*_**"
14,1991,"_*_**"
14,1992,"_*_**"
14,1993,"_*_**"
14,1994,"_*_**"
14,1995,"_*_**"
14,1996,"_*_**"
14,1997,"_*_**"
14,1998,"_*_**"
14,1999,"_*_**"
14,2000,"_*_**"
14,2001,"_*_**"
14,2002,"_*_**"
14,2003,"_*_**"
14,2004,"_*_**"
14,2005,"_*_**"
14,2006,"_*_**"
14,2007,"_*_**"
14,2008,"_*_**"
14,2009,"_*_**"
14,2010,"_*_**"
14,2011,"_*_**"
14,2012,"_*_**"
14,2013,"_*_**"
15,1989,"_*_**"
15,1990,"_*___"
15,1991,"_____"
15,1992,"_____"
15,1993,"_____"
15,1994,"_____"
15,1995,"_____"
15,1996,"_____"
15,1997,"_____"
15,1998,"_____"
15,1999,"_____"
15,2000,"_____"
15,2001,"_____"
15,2002,"_____"
15,2003,"_____"
15,2004,"_____"
15,2005,"_____"
15,2006,"_____"
15,2007,"_____"
15,2008,"_____"
15,2009,"_____"
15,2010,"_____"
15,2011,"_____"
15,2012,"_____"
15,2013,"_____"
16,1989,"_*_**"
16,1990,"_*___"
16,1991,"_____"
16,1992,"_____"
16,1993,"_____"
16,1994,"_____"
16,1995,"_____"
16,1996,"_____"
16,1997,"_____"
16,1998,"_____"
16,1999,"_____"
16,2000,"_____"
16,2001,"_____"
16,2002,"_____"
16,2003,"_____"
16,2004,"_____"
16,2005,"_____"
16,2006,"_____"
16,2007,"_____"
16,2008,"_____"
16,2009,"_____"
16,2010,"_____"
16,2011,"_____"
16,2012,"_____"
16,2013,"_____"
17,1989,"_*S*G"
17,1990,"_*g__"
17,1991,"__g__"
17,1992,"__g__"
17,1993,"__g__"
17,1994,"__g__"
17,1995,"__g__"
17,1996,"__g__"
17,1997,"__g__"
17,1998,"__g__"
17,1999,"__g__"
17,2000,"__g__"
17,2001,"__g__"
17,2002,"__g__"
17,2003,"__g__"
17,2004,"__g__"
17,2005,"__g__"
17,2006,"__g__"
17,2007,"__g__"
17,2008,"__g__"
17,2009,"__g__"
17,2010,"__g__"
17,2011,"__g__"
17,2012,"__g__"
17,2013,"__g__"
18,1989,"_*S*G"
18,1990,"_*g__"
18,1991,"__g__"
18,1992,"__g__"
18,1993,"__g__"
18,1994,"__g__"
18,1995,"__g__"
18,1996,"__g__"
18,1997,"__g__"
18,1998,"__g__"
18,1999,"__g__"
18,2000,"__g__"
18,2001,"__g__"
18,2002,"__g__"
18,2003,"__g__"
18,2004,"__g__"
18,2005,"__g__"
18,2006,"__g__"
18,2007,"__g__"
18,2008,"__g__"
18,2009,"__g__"
18,2010,"__g__"
18,2011,"__g__"
18,2012,"__g__"
18,2013,"__g__"
19,1989,"r*S*G"
19,1990,"r*g*_"
19,1991,"r*g*_"
19,1992,"r*g*_"
19,1993,"r*g*_"
19,1994,"r*g*_"
19,1995,"r*g*_"
19,1996,"r*g*_"
19,1997,"r*g*_"
19,1998,"r*g*_"
19,1999,"r*g*_"
19,2000,"r*g*_"
19,2001,"r*g*_"
19,2002,"r*g*_"
19,2003,"r*g*_"
19,2004,"r*g*_"
19,2005,"r*g*_"
19,2006,"r*g*_"
19,2007,"r*g*_"
19,2008,"r*g*_"
19,2009,"r*g*_"
19,2010,"r*g*_"
19,2011,"r*g*_"
19,2012,"r*g*_"
19,2013,"r*g*_"
20,1989,"_*_**"
20,1990,"_*___"
20,1991,"_____"
20,1992,"_____"
20,1993,"_____"
20,1994,"_____"
20,1995,"_____"
20,1996,"_____"
20,1997,"_____"
20,1998,"_____"
20,1999,"_____"
20,2000,"_____"
20,2001,"_____"
20,2002,"_____"
20,2003,"_____"
20,2004,"_____"
20,2005,"_____"
20,2006,"_____"
20,2007,"_____"
20,2008,"_____"
20,2009,"_____"
20,2010,"_____"
20,2011,"_____"
20,2012,"_____"
20,2013,"_____"
21,1989,"r*S*G"
21,1990,"r*g_r"
21,1991,"r_g_r"
21,1992,"r_g_r"
21,1993,"r_g_r"
21,1994,"r_g_r"
21,1995,"r_g_r"
21,1996,"r_g_r"
21,1997,"r_g_r"
21,1998,"r_g_r"
21,1999,"r_g_r"
21,2000,"r_g_r"
21,2001,"r_g_r"
21,2002,"r_g_r"
21,2003,"r_g_r"
21,2004,"r_g_r"
21,2005,"r_g_r"
21,2006,"r_g_r"
21,2007,"r_g_r"
21,2008,"r_g_r"
21,2009,"r_g_r"
21,2010,"r_g_r"
21,2011,"r_g_r"
21,2012,"r_g_r"
21,2013,"r_g_c"
24,1989,"_*_**"
24,1990,"_*__*"
24,1991,"____*"
24,1992,"____*"
24,1993,"_____"
24,1994,"_____"
24,1995,"_____"
24,1996,"_____"
24,1997,"_____"
24,1998,"_____"
24,1999,"_____"
24,2000,"_____"
24,2001,"_____"
24,2002,"_____"
24,2003,"_____"
24,2004,"_____"
24,2005,"_____"
24,2006,"_____"
24,2007,"_____"
24,2008,"_____"
24,2009,"_____"
24,2010,"_____"
24,2011,"_____"
24,2012,"_____"
24,2013,"_____"
25,1989,"_*_**"
25,1990,"_*___"
25,1991,"_____"
25,1992,"_____"
25,1993,"_____"
25,1994,"_____"
25,1995,"_____"
25,1996,"_____"
25,1997,"_____"
25,1998,"_____"
25,1999,"_____"
25,2000,"_____"
25,2001,"_____"
25,2002,"_____"
25,2003,"_____"
25,2004,"_____"
25,2005,"_____"
25,2006,"_____"
25,2007,"_____"
25,2008,"_____"
25,2009,"_____"
25,2010,"_____"
25,2011,"_____"
25,2012,"_____"
25,2013,"_____"
26,1989,"r*S*G"
26,1990,"r*g*r"
26,1991,"r*g*r"
26,1992,"r*g*r"
26,1993,"r*g*r"
26,1994,"r*g*r"
26,1995,"r*g*r"
26,1996,"r*g*r"
26,1997,"r*g*r"
26,1998,"r*g*r"
26,1999,"r*g*r"
26,2000,"r*g*r"
26,2001,"r*g*r"
26,2002,"r*g*r"
26,2003,"r*g*r"
26,2004,"r*g*r"
26,2005,"r*g*r"
26,2006,"r*g*r"
26,2007,"r*g*r"
26,2008,"r*g*r"
26,2009,"r*g*r"
26,2010,"r*g*r"
26,2011,"r*g*r"
26,2012,"r*g*r"
26,2013,"r*g*r"
28,1989,"_*S*G"
28,1990,"_*g__"
28,1991,"__g__"
28,1992,"__g__"
28,1993,"__g__"
28,1994,"__g__"
28,1995,"__g__"
28,1996,"__g__"
28,1997,"__g__"
28,1998,"__g__"
28,1999,"__g__"
28,2000,"__g__"
28,2001,"__g__"
28,2002,"__g__"
28,2003,"__g__"
28,2004,"__g__"
28,2005,"__g__"
28,2006,"__g__"
28,2007,"__g__"
28,2008,"__g__"
28,2009,"__g__"
28,2010,"__g__"
28,2011,"__g__"
28,2012,"__g__"
28,2013,"__g__"
29,1989,"r*S*G"
29,1990,"r*g*r"
29,1991,"r*g*r"
29,1992,"r*g*r"
29,1993,"r*g*r"
29,1994,"r*g*r"
29,1995,"r*g*r"
29,1996,"r*g*r"
29,1997,"r*g*r"
29,1998,"r*g*r"
29,1999,"r*g*r"
29,2000,"r*g*r"
29,2001,"r*g*r"
29,2002,"r*g*r"
29,2003,"r*g*r"
29,2004,"r*g*r"
29,2005,"r*g*r"
29,2006,"r*g*r"
29,2007,"r*g*r"
29,2008,"r*g*r"
29,2009,"r*g*r"
29,2010,"r*g*r"
29,2011,"r*g*r"
29,2012,"r*g*r"
29,2013,"r*g*r"
30,1989,"r*S*G"
30,1990,"r*g*r"
30,1991,"r*g*r"
30,1992,"r*g*r"
30,1993,"r*g*r"
30,1994,"r*g*r"
30,1995,"r*g*r"
30,1996,"r*g*r"
30,1997,"r*g*r"
30,1998,"r*g*r"
30,1999,"r*g*r"
30,2000,"r*g*r"
30,2001,"r*g*r"
30,2002,"r*g*r"
30,2003,"r*g*r"
30,2004,"r*g*r"
30,2005,"r*g*r"
30,2006,"r*g*r"
30,2007,"r*g*r"
30,2008,"r*g*r"
30,2009,"r*g*r"
30,2010,"r*g*r"
30,2011,"r*g*r"
30,2012,"r*g*r"
30,2013,"r*g*r"
31,1989,"_*_**"
31,1990,"_*_*_"
31,1991,"_*_*_"
31,1992,"_*_*_"
31,1993,"_*_*_"
31,1994,"_*_*_"
31,1995,"_*_*_"
31,1996,"_*_*_"
31,1997,"_*_*_"
31,1998,"_*_*_"
31,1999,"_*_*_"
31,2000,"_*_*_"
31,2001,"_*_*_"
31,2002,"_*_*_"
31,2003,"_*_*_"
31,2004,"_*_*_"
31,2005,"_*_*_"
31,2006,"_*_*_"
31,2007,"_*_*_"
31,2008,"_*_*_"
31,2009,"_*_*_"
31,2010,"_*_*_"
31,2011,"_*_*_"
31,2012,"_*_*_"
31,2013,"_*_*_"
32,1989,"_*S*G"
32,1990,"_*g*r"
32,1991,"_*g*r"
32,1992,"_*g*r"
32,1993,"_*g*r"
32,1994,"_*g*r"
32,1995,"_*g*r"
32,1996,"_*g*r"
32,1997,"_*g*r"
32,1998,"_*g*r"
32,1999,"_*g*r"
32,2000,"_*g*r"
32,2001,"_*g*r"
32,2002,"_*g*r"
32,2003,"_*g*r"
32,2004,"_*g*r"
32,2005,"_*g*r"
32,2006,"_*g*r"
32,2007,"_*g*r"
32,2008,"_*g*r"
32,2009,"_*g*r"
32,2010,"_*g*r"
32,2011,"_*g*r"
32,2012,"_*g*r"
32,2013,"_*g*r"
33,1989,"r*S*G"
33,1990,"r*g*r"
33,1991,"r*g*r"
33,1992,"r*g*r"
33,1993,"r*g*r"
33,1994,"r*g*r"
33,1995,"r*g*r"
33,1996,"r*g*r"
33,1997,"r*g*r"
33,1998,"r*g*r"
33,1999,"r*g*r"
33,2000,"r*g*r"
33,2001,"r*g*r"
33,2002,"r*g*r"
33,2003,"r*g*r"
33,2004,"r*g*r"
33,2005,"r*g*r"
33,2006,"r*g*r"
33,2007,"r*g*r"
33,2008,"r*g*r"
33,2009,"r*g*r"
33,2010,"r*g*r"
33,2011,"r*g*r"
33,2012,"r*g*r"
33,2013,"r*g*r"
34,1989,"r*S*G"
34,1990,"r*g*r"
34,1991,"r*g*r"
34,1992,"r*g*r"
34,1993,"r*g*r"
34,1994,"r*g*r"
34,1995,"r*g*r"
34,1996,"r*g*r"
34,1997,"r*g*r"
34,1998,"r*g*r"
34,1999,"r*g*r"
34,2000,"r*g*r"
34,2001,"r*g*r"
34,2002,"r*g*r"
34,2003,"r*g*r"
34,2004,"r*g*r"
34,2005,"r*g*r"
34,2006,"r*g*r"
34,2007,"r*g*r"
34,2008,"r*g*r"
34,2009,"r*g*r"
34,2010,"r*g*r"
34,2011,"r*g*r"
34,2012,"r*g*r"
34,2013,"r*g*r"
35,1989,"r*S*G"
35,1990,"r*g*r"
35,1991,"r*g*r"
35,1992,"r*g*r"
35,1993,"r*g*r"
35,1994,"r*g*r"
35,1995,"r*g*r"
35,1996,"r*g*r"
35,1997,"r*g*r"
35,1998,"r*g*r"
35,1999,"r*g*r"
35,2000,"r*g*r"
35,2001,"r*g*r"
35,2002,"r*g*r"
35,2003,"r*g*r"
35,2004,"r*g*r"
35,2005,"r*g*r"
35,2006,"r*g*r"
35,2007,"r*g*r"
35,2008,"r*g*r"
35,2009,"r*g*r"
35,2010,"r*g*r"
35,2011,"r*g*r"
35,2012,"r*g*r"
35,2013,"r*g*r"
36,1989,"r*S*G"
36,1990,"r*g*r"
36,1991,"r*g*r"
36,1992,"r*g*r"
36,1993,"r*g*r"
36,1994,"r*g*r"
36,1995,"r*g*r"
36,1996,"r*g*r"
36,1997,"r*g*r"
36,1998,"r*g*r"
36,1999,"r*g*r"
36,2000,"r*g*r"
36,2001,"r*g*r"
36,2002,"r*g*r"
36,2003,"r*g*r"
36,2004,"r*g*r"
36,2005,"r*g*r"
36,2006,"r*g*r"
36,2007,"r*g*r"
36,2008,"r*g*r"
36,2009,"r*g*r"
36,2010,"r*g*r"
36,2011,"r*g*r"
36,2012,"r*g*r"
36,2013,"r*g*r"
37,1989,"_*_**"
37,1990,"_*___"
37,1991,"_____"
37,1992,"_____"
37,1993,"_____"
37,1994,"_____"
37,1995,"_____"
37,1996,"_____"
37,1997,"_____"
37,1998,"_____"
37,1999,"_____"
37,2000,"_____"
37,2001,"_____"
37,2002,"_____"
37,2003,"_____"
37,2004,"_____"
37,2005,"_____"
37,2006,"_____"
37,2007,"_____"
37,2008,"_____"
37,2009,"_____"
37,2010,"_____"
37,2011,"_____"
37,2012,"_____"
37,2013,"_____"
38,1989,"r*S*G"
38,1990,"r*g*r"
38,1991,"r*g*r"
38,1992,"r*g*r"
38,1993,"r*g*r"
38,1994,"r*g*r"
38,1995,"r*g*r"
38,1996,"r*g*r"
38,1997,"r*g*r"
38,1998,"r*g*r"
38,1999,"r*g*r"
38,2000,"r*g*r"
38,2001,"r*g*r"
38,2002,"r*g*r"
38,2003,"r*g*r"
38,2004,"r*g*r"
38,2005,"r*g*r"
38,2006,"r*g*r"
38,2007,"r*g*r"
38,2008,"r*g*r"
38,2009,"r*g*r"
38,2010,"r*g*r"
38,2011,"r*g*r"
38,2012,"r*g*r"
38,2013,"r*g*r"
39,1989,"_*S*G"
39,1990,"_*g_r"
39,1991,"__g_r"
39,1992,"__g_r"
39,1993,"__g_r"
39,1994,"__g_r"
39,1995,"__g_r"
39,1996,"__g_r"
39,1997,"__g_r"
39,1998,"__g_r"
39,1999,"__g_r"
39,2000,"__g_r"
39,2001,"__g__"
39,2002,"__g__"
39,2003,"__g__"
39,2004,"__g__"
39,2005,"__g__"
39,2006,"__g__"
39,2007,"__g__"
39,2008,"__g__"
39,2009,"__g__"
39,2010,"__g__"
39,2011,"__g__"
39,2012,"__g__"
39,2013,"__g__"
40,1989,"_*_**"
40,1990,"_*___"
40,1991,"_____"
40,1992,"_____"
40,1993,"_____"
40,1994,"_____"
40,1995,"_____"
40,1996,"_____"
40,1997,"_____"
40,1998,"_____"
40,1999,"_____"
40,2000,"_____"
40,2001,"_____"
40,2002,"_____"
40,2003,"_____"
40,2004,"_____"
40,2005,"_____"
40,2006,"_____"
40,2007,"_____"
40,2008,"_____"
40,2009,"_____"
40,2010,"_____"
40,2011,"_____"
40,2012,"_____"
40,2013,"_____"
41,1989,"_*_**"
41,1990,"_*___"
41,1991,"_____"
41,1992,"_____"
41,1993,"_____"
41,1994,"_____"
41,1995,"_____"
41,1996,"_____"
41,1997,"_____"
41,1998,"_____"
41,1999,"_____"
41,2000,"_____"
41,2001,"_____"
41,2002,"_____"
41,2003,"_____"
41,2004,"_____"
41,2005,"_____"
41,2006,"_____"
41,2007,"_____"
41,2008,"_____"
41,2009,"_____"
41,2010,"_____"
41,2011,"_____"
41,2012,"_____"
41,2013,"_____"
42,1989,"_*_**"
42,1990,"_*___"
42,1991,"_____"
42,1992,"_____"
42,1993,"_____"
42,1994,"_____"
42,1995,"_____"
42,1996,"_____"
42,1997,"_____"
42,1998,"_____"
42,1999,"_____"
42,2000,"_____"
42,2001,"_____"
42,2002,"_____"
42,2003,"_____"
42,2004,"_____"
42,2005,"_____"
42,2006,"_____"
42,2007,"_____"
42,2008,"_____"
42,2009,"_____"
42,2010,"_____"
42,2011,"_____"
42,2012,"_____"
42,2013,"_____"
43,1989,"_*_**"
43,1990,"_*___"
43,1991,"_____"
43,1992,"_____"
43,1993,"_____"
43,1994,"_____"
43,1995,"_____"
43,1996,"_____"
43,1997,"_____"
43,1998,"_____"
43,1999,"_____"
43,2000,"_____"
43,2001,"_____"
43,2002,"_____"
43,2003,"_____"
43,2004,"_____"
43,2005,"_____"
43,2006,"_____"
43,2007,"_____"
43,2008,"_____"
43,2009,"_____"
43,2010,"_____"
43,2011,"_____"
43,2012,"_____"
43,2013,"_____"
44,1989,"r*S*G"
44,1990,"r*g_r"
44,1991,"r_g_r"
44,1992,"r_g_r"
44,1993,"r_g_r"
44,1994,"r_g_r"
44,1995,"r_g_r"
44,1996,"r_g_r"
44,1997,"r_g_r"
44,1998,"r_g_r"
44,1999,"r_g_r"
44,2000,"r_g_r"
44,2001,"r_g_r"
44,2002,"r_g_r"
44,2003,"r_g_r"
44,2004,"r_g_r"
44,2005,"r_g_r"
44,2006,"r_g_r"
44,2007,"r_g_r"
44,2008,"r_g_r"
44,2009,"r_g_r"
44,2010,"r_g_r"
44,2011,"r_g_r"
44,2012,"r_g_r"
44,2013,"r_g_c"
45,1989,"r*S*G"
45,1990,"r*g_r"
45,1991,"r_g_r"
45,1992,"r_g__"
45,1993,"r_g__"
45,1994,"r_g__"
45,1995,"r_g__"
45,1996,"r_g__"
45,1997,"r_g__"
45,1998,"r_g__"
45,1999,"r_g__"
45,2000,"r_g__"
45,2001,"r_g__"
45,2002,"r_g__"
45,2003,"r_g__"
45,2004,"r_g__"
45,2005,"r_g__"
45,2006,"r_g__"
45,2007,"r_g__"
45,2008,"r_g__"
45,2009,"r_g__"
45,2010,"r_g__"
45,2011,"r_g__"
45,2012,"r_g__"
45,2013,"r_g__"
46,1989,"r*S*G"
46,1990,"r*g__"
46,1991,"r*g__"
46,1992,"r*g__"
46,1993,"r*g__"
46,1994,"r*g__"
46,1995,"r*g__"
46,1996,"r*g__"
46,1997,"r*g__"
46,1998,"r*g__"
46,1999,"r*g__"
46,2000,"r*g__"
46,2001,"r*g__"
46,2002,"r*g__"
46,2003,"r*g__"
46,2004,"r*g__"
46,2005,"r*g__"
46,2006,"r*g__"
46,2007,"r*g__"
46,2008,"r*g__"
46,2009,"r*g__"
46,2010,"r*g__"
46,2011,"r*g__"
46,2012,"r*g__"
46,2013,"r*g__"
47,1989,"_*_**"
47,1990,"_*___"
47,1991,"_____"
47,1992,"_____"
47,1993,"_____"
47,1994,"_____"
47,1995,"_____"
47,1996,"_____"
47,1997,"_____"
47,1998,"_____"
47,1999,"_____"
47,2000,"_____"
47,2001,"_____"
47,2002,"_____"
47,2003,"_____"
47,2004,"_____"
47,2005,"_____"
47,2006,"_____"
47,2007,"_____"
47,2008,"_____"
47,2009,"_____"
47,2010,"_____"
47,2011,"_____"
47,2012,"_____"
47,2013,"_____"
48,1989,"_*_**"
48,1990,"_*___"
48,1991,"_____"
48,1992,"_____"
48,1993,"_____"
48,1994,"_____"
48,1995,"_____"
48,1996,"_____"
48,1997,"_____"
48,1998,"_____"
48,1999,"_____"
48,2000,"_____"
48,2001,"_____"
48,2002,"_____"
48,2003,"_____"
48,2004,"_____"
48,2005,"_____"
48,2006,"_____"
48,2007,"_____"
48,2008,"_____"
48,2009,"_____"
48,2010,"_____"
48,2011,"_____"
48,2012,"_____"
48,2013,"____*"
49,1989,"r*S*G"
49,1990,"r*g__"
49,1991,"r_g__"
49,1992,"r_g__"
49,1993,"r_g__"
49,1994,"r_g__"
49,1995,"r_g__"
49,1996,"r_g__"
49,1997,"r_g__"
49,1998,"r_g__"
49,1999,"r_g__"
49,2000,"r_g__"
49,2001,"r_g__"
49,2002,"r_g__"
49,2003,"r_g__"
49,2004,"r_g__"
49,2005,"r_g__"
49,2006,"r_g__"
49,2007,"r_g__"
49,2008,"r_g__"
49,2009,"r_g__"
49,2010,"r_g__"
49,2011,"r_g__"
49,2012,"r_g__"
49,2013,"r_g__"
50,1989,"_*_**"
50,1990,"_*___"
50,1991,"_____"
50,1992,"_____"
50,1993,"_____"
50,1994,"_____"
50,1995,"_____"
50,1996,"_____"
50,1997,"_____"
50,1998,"_____"
50,1999,"_____"
50,2000,"_____"
50,2001,"_____"
50,2002,"_____"
50,2003,"_____"
50,2004,"_____"
50,2005,"_____"
50,2006,"_____"
50,2007,"_____"
50,2008,"_____"
50,2009,"_____"
50,2010,"_____"
50,2011,"_____"
50,2012,"_____"
50,2013,"_____"
51,1989,"_*_**"
51,1990,"_*__*"
51,1991,"____*"
51,1992,"___**"
51,1993,"___**"
51,1994,"___**"
51,1995,"_____"
51,1996,"_____"
51,1997,"_____"
51,1998,"_____"
51,1999,"_____"
51,2000,"_____"
51,2001,"_____"
51,2002,"_____"
51,2003,"_____"
51,2004,"_____"
51,2005,"_____"
51,2006,"_____"
51,2007,"_____"
51,2008,"_____"
51,2009,"_____"
51,2010,"_____"
51,2011,"_____"
51,2012,"_____"
51,2013,"____*"
52,1989,"_*_**"
52,1990,"_*___"
52,1991,"_____"
52,1992,"_____"
52,1993,"_____"
52,1994,"_____"
52,1995,"_____"
52,1996,"_____"
52,1997,"_____"
52,1998,"_____"
52,1999,"_____"
52,2000,"_____"
52,2001,"_____"
52,2002,"_____"
52,2003,"_____"
52,2004,"_____"
52,2005,"_____"
52,2006,"_____"
52,2007,"_____"
52,2008,"_____"
52,2009,"_____"
52,2010,"_____"
52,2011,"_____"
52,2012,"_____"
52,2013,"_____"
53,1989,"_*_**"
53,1990,"_*___"
53,1991,"_____"
53,1992,"_____"
53,1993,"_____"
53,1994,"_____"
53,1995,"_____"
53,1996,"_____"
53,1997,"_____"
53,1998,"_____"
53,1999,"_____"
53,2000,"_____"
53,2001,"_____"
53,2002,"_____"
53,2003,"_____"
53,2004,"_____"
53,2005,"_____"
53,2006,"_____"
53,2007,"_____"
53,2008,"_____"
53,2009,"_____"
53,2010,"_____"
53,2011,"_____"
53,2012,"_____"
53,2013,"_____"
54,1989,"_*_**"
54,1990,"_*___"
54,1991,"_____"
54,1992,"_____"
54,1993,"_____"
54,1994,"_____"
54,1995,"_____"
54,1996,"_____"
54,1997,"_____"
54,1998,"_____"
54,1999,"_____"
54,2000,"_____"
54,2001,"_____"
54,2002,"_____"
54,2003,"_____"
54,2004,"_____"
54,2005,"_____"
54,2006,"_____"
54,2007,"_____"
54,2008,"_____"
54,2009,"_____"
54,2010,"_____"
54,2011,"_____"
54,2012,"_____"
54,2013,"____*"
55,1989,"r*S*G"
55,1990,"r*g*r"
55,1991,"r*g*r"
55,1992,"r*g*r"
55,1993,"r*g*r"
55,1994,"r*g*r"
55,1995,"r*g*r"
55,1996,"r*g*r"
55,1997,"r*g*r"
55,1998,"r*g*r"
55,1999,"r*g*r"
55,2000,"r*g*r"
55,2001,"r*g*r"
55,2002,"r*g*r"
55,2003,"r*g*r"
55,2004,"r*g*r"
55,2005,"r*g*r"
55,2006,"r*g*r"
55,2007,"r*g*r"
55,2008,"r*g*r"
55,2009,"r*g*r"
55,2010,"r*g*r"
55,2011,"r*g*r"
55,2012,"r*g*r"
55,2013,"r*g*r"
56,1989,"_*_**"
56,1990,"_*___"
56,1991,"_____"
56,1992,"_____"
56,1993,"_____"
56,1994,"_____"
56,1995,"_____"
56,1996,"_____"
56,1997,"_____"
56,1998,"_____"
56,1999,"_____"
56,2000,"_____"
56,2001,"_____"
56,2002,"_____"
56,2003,"_____"
56,2004,"_____"
56,2005,"_____"
56,2006,"_____"
56,2007,"_____"
56,2008,"_____"
56,2009,"_____"
56,2010,"_____"
56,2011,"_____"
56,2012,"_____"
56,2013,"_____"
57,1989,"r*S*G"
57,1990,"r*g*r"
57,1991,"r*g*r"
57,1992,"r*g*r"
57,1993,"r*g*r"
57,1994,"r*g*r"
57,1995,"r*g*r"
57,1996,"r*g*r"
57,1997,"r*g*r"
57,1998,"r*g*r"
57,1999,"r*g*r"
57,2000,"r*g*r"
57,2001,"r*g*r"
57,2002,"r*g*r"
57,2003,"r*g*r"
57,2004,"r*g*r"
57,2005,"r*g*r"
57,2006,"r*g*r"
57,2007,"r*g*r"
57,2008,"r*g*r"
57,2009,"r*g*r"
57,2010,"r*g*r"
57,2011,"r*g*r"
57,2012,"r*g*r"
57,2013,"r*g*r"
58,1989,"r*S*G"
58,1990,"r*g*r"
58,1991,"r*g*r"
58,1992,"r*g*r"
58,1993,"r*g*r"
58,1994,"r*g*r"
58,1995,"r*g*r"
58,1996,"r*g*r"
58,1997,"r*g*r"
58,1998,"r*g*r"
58,1999,"r*g*r"
58,2000,"r*g*r"
58,2001,"r*g*r"
58,2002,"r*g*r"
58,2003,"r*g*r"
58,2004,"r*g*r"
58,2005,"r*g*r"
58,2006,"r*g*r"
58,2007,"r*g*r"
58,2008,"r*g*r"
58,2009,"r*g*r"
58,2010,"r*g*r"
58,2011,"r*g*r"
58,2012,"r*g*r"
58,2013,"r*g*r"
59,1989,"_*_**"
59,1990,"_*___"
59,1991,"_____"
59,1992,"_____"
59,1993,"_____"
59,1994,"_____"
59,1995,"_____"
59,1996,"_____"
59,1997,"_____"
59,1998,"_____"
59,1999,"_____"
59,2000,"_____"
59,2001,"_____"
59,2002,"_____"
59,2003,"_____"
59,2004,"_____"
59,2005,"_____"
59,2006,"_____"
59,2007,"_____"
59,2008,"_____"
59,2009,"_____"
59,2010,"_____"
59,2011,"_____"
59,2012,"_____"
59,2013,"_____"
60,1989,"r*S*G"
60,1990,"r*g*r"
60,1991,"r*g*r"
60,1992,"r*g*r"
60,1993,"r*g*r"
60,1994,"r*g*r"
60,1995,"r*g*r"
60,1996,"r*g*r"
60,1997,"r*g*r"
60,1998,"r*g*r"
60,1999,"r*g*r"
60,2000,"r*g*r"
60,2001,"r*g*r"
60,2002,"r*g*r"
60,2003,"r*g*r"
60,2004,"r*g*r"
60,2005,"r*g*r"
60,2006,"r*g*r"
60,2007,"r*g*r"
60,2008,"r*g*r"
60,2009,"r*g*r"
60,2010,"r*g*r"
60,2011,"r*g*r"
60,2012,"r*g*r"
60,2013,"r*g*c"
61,1989,"_*_**"
61,1990,"_*___"
61,1991,"_____"
61,1992,"_____"
61,1993,"_____"
61,1994,"_____"
61,1995,"_____"
61,1996,"_____"
61,1997,"_____"
61,1998,"_____"
61,1999,"_____"
61,2000,"_____"
61,2001,"_____"
61,2002,"_____"
61,2003,"_____"
61,2004,"_____"
61,2005,"_____"
61,2006,"_____"
61,2007,"_____"
61,2008,"_____"
61,2009,"_____"
61,2010,"_____"
61,2011,"_____"
61,2012,"_____"
61,2013,"_____"
62,1989,"_*_**"
62,1990,"_*___"
62,1991,"_____"
62,1992,"_____"
62,1993,"_____"
62,1994,"_____"
62,1995,"_____"
62,1996,"_____"
62,1997,"_____"
62,1998,"_____"
62,1999,"_____"
62,2000,"_____"
62,2001,"_____"
62,2002,"_____"
62,2003,"_____"
62,2004,"_____"
62,2005,"_____"
62,2006,"_____"
62,2007,"_____"
62,2008,"_____"
62,2009,"_____"
62,2010,"_____"
62,2011,"_____"
62,2012,"_____"
62,2013,"_____"
63,1989,"r*S*G"
63,1990,"r*g*r"
63,1991,"r*g*r"
63,1992,"r*g*r"
63,1993,"r*g*r"
63,1994,"r*g*r"
63,1995,"r*g*r"
63,1996,"r*g*r"
63,1997,"r*g*r"
63,1998,"r*g*r"
63,1999,"r*g*r"
63,2000,"r*g*r"
63,2001,"r*g*r"
63,2002,"r*g*r"
63,2003,"r*g*r"
63,2004,"r*g*r"
63,2005,"r*g*r"
63,2006,"r*g*r"
63,2007,"r*g*r"
63,2008,"r*g*r"
63,2009,"r*g*r"
63,2010,"r*g*r"
63,2011,"r*g*r"
63,2012,"r*g*r"
63,2013,"r*g*c"
64,1989,"r*_**"
64,1990,"r*___"
64,1991,"r____"
64,1992,"r____"
64,1993,"r____"
64,1994,"r____"
64,1995,"r____"
64,1996,"r____"
64,1997,"r____"
64,1998,"r____"
64,1999,"r____"
64,2000,"r____"
64,2001,"r____"
64,2002,"r____"
64,2003,"r____"
64,2004,"r____"
64,2005,"r____"
64,2006,"r____"
64,2007,"r____"
64,2008,"r____"
64,2009,"r____"
64,2010,"r____"
64,2011,"r____"
64,2012,"r____"
64,2013,"r____"
65,1989,"_*_**"
65,1990,"_*___"
65,1991,"_____"
65,1992,"_____"
65,1993,"_____"
65,1994,"_____"
65,1995,"_____"
65,1996,"_____"
65,1997,"_____"
65,1998,"_____"
65,1999,"_____"
65,2000,"_____"
65,2001,"_____"
65,2002,"_____"
65,2003,"_____"
65,2004,"_____"
65,2005,"_____"
65,2006,"_____"
65,2007,"_____"
65,2008,"_____"
65,2009,"_____"
65,2010,"_____"
65,2011,"_____"
65,2012,"_____"
65,2013,"_____"
66,1989,"_*_**"
66,1990,"_*___"
66,1991,"_____"
66,1992,"_____"
66,1993,"_____"
66,1994,"_____"
66,1995,"_____"
66,1996,"_____"
66,1997,"_____"
66,1998,"_____"
66,1999,"_____"
66,2000,"_____"
66,2001,"_____"
66,2002,"_____"
66,2003,"_____"
66,2004,"_____"
66,2005,"_____"
66,2006,"_____"
66,2007,"_____"
66,2008,"_____"
66,2009,"_____"
66,2010,"_____"
66,2011,"_____"
66,2012,"_____"
66,2013,"_____"
67,1989,"_*S*G"
67,1990,"_*g_r"
67,1991,"__g_r"
67,1992,"__g_r"
67,1993,"__g_r"
67,1994,"__g_r"
67,1995,"__g_r"
67,1996,"__g_r"
67,1997,"__g_r"
67,1998,"__g_r"
67,1999,"__g__"
67,2000,"__g__"
67,2001,"__g__"
67,2002,"__g__"
67,2003,"__g__"
67,2004,"__g__"
67,2005,"__g__"
67,2006,"__g__"
67,2007,"__g__"
67,2008,"__g__"
67,2009,"__g__"
67,2010,"__g__"
67,2011,"__g__"
67,2012,"__g__"
67,2013,"__g__"
68,1989,"_*_**"
68,1990,"_*___"
68,1991,"_____"
68,1992,"_____"
68,1993,"_____"
68,1994,"_____"
68,1995,"_____"
68,1996,"_____"
68,1997,"_____"
68,1998,"_____"
68,1999,"_____"
68,2000,"_____"
68,2001,"_____"
68,2002,"_____"
68,2003,"_____"
68,2004,"_____"
68,2005,"_____"
68,2006,"_____"
68,2007,"_____"
68,2008,"_____"
68,2009,"_____"
68,2010,"_____"
68,2011,"_____"
68,2012,"_____"
68,2013,"_____"
69,1989,"_*_**"
69,1990,"_*___"
69,1991,"_____"
69,1992,"_____"
69,1993,"_____"
69,1994,"_____"
69,1995,"_____"
69,1996,"_____"
69,1997,"_____"
69,1998,"_____"
69,1999,"_____"
69,2000,"_____"
69,2001,"_____"
69,2002,"_____"
69,2003,"_____"
69,2004,"_____"
69,2005,"_____"
69,2006,"_____"
69,2007,"_____"
69,2008,"_____"
69,2009,"_____"
69,2010,"_____"
69,2011,"_____"
69,2012,"_____"
69,2013,"_____"
70,1989,"_*_**"
70,1990,"_*__*"
70,1991,"____*"
70,1992,"____*"
70,1993,"____*"
70,1994,"____*"
70,1995,"_____"
70,1996,"_____"
70,1997,"_____"
70,1998,"_____"
70,1999,"_____"
70,2000,"_____"
70,2001,"_____"
70,2002,"_____"
70,2003,"_____"
70,2004,"_____"
70,2005,"_____"
70,2006,"_____"
70,2007,"_____"
70,2008,"_____"
70,2009,"_____"
70,2010,"_____"
70,2011,"_____"
70,2012,"_____"
70,2013,"_____"
71,1989,"_*_**"
71,1990,"_*___"
71,1991,"_____"
71,1992,"_____"
71,1993,"_____"
71,1994,"_____"
71,1995,"_____"
71,1996,"_____"
71,1997,"_____"
71,1998,"_____"
71,1999,"_____"
71,2000,"_____"
71,2001,"_____"
71,2002,"_____"
71,2003,"_____"
71,2004,"_____"
71,2005,"_____"
71,2006,"_____"
71,2007,"_____"
71,2008,"_____"
71,2009,"_____"
71,2010,"_____"
71,2011,"_____"
71,2012,"_____"
71,2013,"_____"
72,1989,"_*_**"
72,1990,"_*___"
72,1991,"_____"
72,1992,"_____"
72,1993,"_____"
72,1994,"_____"
72,1995,"_____"
72,1996,"_____"
72,1997,"_____"
72,1998,"_____"
72,1999,"_____"
72,2000,"_____"
72,2001,"_____"
72,2002,"_____"
72,2003,"_____"
72,2004,"_____"
72,2005,"_____"
72,2006,"_____"
72,2007,"_____"
72,2008,"_____"
72,2009,"_____"
72,2010,"_____"
72,2011,"_____"
72,2012,"_____"
72,2013,"_____"
73,1989,"_*_**"
73,1990,"_*___"
73,1991,"_____"
73,1992,"_____"
73,1993,"_____"
73,1994,"_____"
73,1995,"_____"
73,1996,"_____"
73,1997,"_____"
73,1998,"_____"
73,1999,"_____"
73,2000,"_____"
73,2001,"_____"
73,2002,"_____"
73,2003,"_____"
73,2004,"_____"
73,2005,"_____"
73,2006,"_____"
73,2007,"_____"
73,2008,"_____"
73,2009,"_____"
73,2010,"_____"
73,2011,"_____"
73,2012,"_____"
73,2013,"_____"
74,1989,"_*_**"
74,1990,"_*___"
74,1991,"_____"
74,1992,"_____"
74,1993,"_____"
74,1994,"_____"
74,1995,"_____"
74,1996,"_____"
74,1997,"_____"
74,1998,"_____"
74,1999,"_____"
74,2000,"_____"
74,2001,"_____"
74,2002,"_____"
74,2003,"_____"
74,2004,"_____"
74,2005,"_____"
74,2006,"_____"
74,2007,"_____"
74,2008,"_____"
74,2009,"_____"
74,2010,"_____"
74,2011,"_____"
74,2012,"_____"
74,2013,"_____"
75,1989,"_*S*G"
75,1990,"_*g__"
75,1991,"__g__"
75,1992,"__g__"
75,1993,"__g__"
75,1994,"__g__"
75,1995,"__g__"
75,1996,"__g__"
75,1997,"__g__"
75,1998,"__g__"
75,1999,"__g__"
75,2000,"__g__"
75,2001,"__g__"
75,2002,"__g__"
75,2003,"__g__"
75,2004,"__g__"
75,2005,"__g__"
75,2006,"__g__"
75,2007,"__g__"
75,2008,"__g__"
75,2009,"__g__"
75,2010,"__g__"
75,2011,"__g__"
75,2012,"__g__"
75,2013,"__g__"
76,1989,"_*_**"
76,1990,"_*___"
76,1991,"_____"
76,1992,"_____"
76,1993,"_____"
76,1994,"_____"
76,1995,"_____"
76,1996,"_____"
76,1997,"_____"
76,1998,"_____"
76,1999,"_____"
76,2000,"_____"
76,2001,"_____"
76,2002,"_____"
76,2003,"_____"
76,2004,"_____"
76,2005,"_____"
76,2006,"_____"
76,2007,"_____"
76,2008,"_____"
76,2009,"_____"
76,2010,"_____"
76,2011,"_____"
76,2012,"_____"
76,2013,"_____"
77,1989,"_*S*G"
77,1990,"_*g_r"
77,1991,"__g_r"
77,1992,"__g_r"
77,1993,"__g_r"
77,1994,"__g_r"
77,1995,"__g_r"
77,1996,"__g_r"
77,1997,"__g_r"
77,1998,"__g_r"
77,1999,"__g_r"
77,2000,"__g_r"
77,2001,"__g_r"
77,2002,"__g_r"
77,2003,"__g_r"
77,2004,"__g_r"
77,2005,"__g_r"
77,2006,"__g_r"
77,2007,"__g_r"
77,2008,"__g_r"
77,2009,"__g_r"
77,2010,"__g_r"
77,2011,"__g_r"
77,2012,"__g_r"
77,2013,"__g_c"
78,1989,"_*_**"
78,1990,"_*___"
78,1991,"_____"
78,1992,"_____"
78,1993,"_____"
78,1994,"_____"
78,1995,"_____"
78,1996,"_____"
78,1997,"_____"
78,1998,"_____"
78,1999,"_____"
78,2000,"_____"
78,2001,"_____"
78,2002,"_____"
78,2003,"_____"
78,2004,"_____"
78,2005,"_____"
78,2006,"_____"
78,2007,"_____"
78,2008,"_____"
78,2009,"_____"
78,2010,"_____"
78,2011,"_____"
78,2012,"_____"
78,2013,"_____"
79,1989,"_*_**"
79,1990,"_*___"
79,1991,"_____"
79,1992,"_____"
79,1993,"_____"
79,1994,"_____"
79,1995,"_____"
79,1996,"_____"
79,1997,"_____"
79,1998,"_____"
79,1999,"_____"
79,2000,"_____"
79,2001,"_____"
79,2002,"_____"
79,2003,"_____"
79,2004,"_____"
79,2005,"_____"
79,2006,"_____"
79,2007,"_____"
79,2008,"_____"
79,2009,"_____"
79,2010,"_____"
79,2011,"_____"
79,2012,"_____"
79,2013,"_____"
80,1989,"_*_**"
80,1990,"_*___"
80,1991,"_____"
80,1992,"_____"
80,1993,"_____"
80,1994,"_____"
80,1995,"_____"
80,1996,"_____"
80,1997,"_____"
80,1998,"_____"
80,1999,"_____"
80,2000,"_____"
80,2001,"_____"
80,2002,"_____"
80,2003,"_____"
80,2004,"_____"
80,2005,"_____"
80,2006,"_____"
80,2007,"_____"
80,2008,"_____"
80,2009,"_____"
80,2010,"_____"
80,2011,"_____"
80,2012,"_____"
80,2013,"_____"
81,1989,"_*_**"
81,1990,"_*___"
81,1991,"_____"
81,1992,"_____"
81,1993,"_____"
81,1994,"_____"
81,1995,"_____"
81,1996,"_____"
81,1997,"_____"
81,1998,"_____"
81,1999,"_____"
81,2000,"_____"
81,2001,"_____"
81,2002,"_____"
81,2003,"_____"
81,2004,"_____"
81,2005,"_____"
81,2006,"_____"
81,2007,"_____"
81,2008,"_____"
81,2009,"_____"
81,2010,"_____"
81,2011,"_____"
81,2012,"_____"
81,2013,"_____"
82,1989,"_*_**"
82,1990,"_*___"
82,1991,"_____"
82,1992,"_____"
82,1993,"_____"
82,1994,"_____"
82,1995,"_____"
82,1996,"_____"
82,1997,"_____"
82,1998,"_____"
82,1999,"_____"
82,2000,"_____"
82,2001,"_____"
82,2002,"_____"
82,2003,"_____"
82,2004,"_____"
82,2005,"_____"
82,2006,"_____"
82,2007,"_____"
82,2008,"_____"
82,2009,"_____"
82,2010,"_____"
82,2011,"_____"
82,2012,"_____"
82,2013,"_____"
84,1989,"_*_**"
84,1990,"_*___"
84,1991,"_____"
84,1992,"_____"
84,1993,"_____"
84,1994,"_____"
84,1995,"_____"
84,1996,"_____"
84,1997,"_____"
84,1998,"_____"
84,1999,"_____"
84,2000,"_____"
84,2001,"_____"
84,2002,"_____"
84,2003,"_____"
84,2004,"_____"
84,2005,"_____"
84,2006,"_____"
84,2007,"_____"
84,2008,"_____"
84,2009,"_____"
84,2010,"_____"
84,2011,"_____"
84,2012,"_____"
84,2013,"_____"
85,1989,"r*S*G"
85,1990,"r*g*r"
85,1991,"r*g*r"
85,1992,"r*g*r"
85,1993,"r*g*r"
85,1994,"r*g*r"
85,1995,"r*g*r"
85,1996,"r*g*r"
85,1997,"r*g*r"
85,1998,"r*g*r"
85,1999,"r*g*r"
85,2000,"r*g*r"
85,2001,"r*g*r"
85,2002,"r*g*r"
85,2003,"r*g*r"
85,2004,"r*g*r"
85,2005,"r*g*r"
85,2006,"r*g*r"
85,2007,"r*g*r"
85,2008,"r*g*r"
85,2009,"r*g*r"
85,2010,"r*g*r"
85,2011,"r*g*r"
85,2012,"r*g*r"
85,2013,"r*g*r"
86,1989,"r*S*G"
86,1990,"r*g*r"
86,1991,"r*g*r"
86,1992,"r*g*r"
86,1993,"r*g*r"
86,1994,"r*g*r"
86,1995,"r*g*r"
86,1996,"r*g*r"
86,1997,"r*g*r"
86,1998,"r*g*r"
86,1999,"r*g*r"
86,2000,"r*g*r"
86,2001,"r*g*r"
86,2002,"r*g*r"
86,2003,"r*g*r"
86,2004,"r*g*r"
86,2005,"r*g*r"
86,2006,"r*g*r"
86,2007,"r*g*r"
86,2008,"r*g*r"
86,2009,"r*g*r"
86,2010,"r*g*r"
86,2011,"r*g*r"
86,2012,"r*g*r"
86,2013,"r*g*r"
88,1989,"r*S*G"
88,1990,"r*g*r"
88,1991,"r*g*r"
88,1992,"r*g*r"
88,1993,"r*g*r"
88,1994,"r*g*r"
88,1995,"r*g*r"
88,1996,"r*g*r"
88,1997,"r*g*r"
88,1998,"r*g*r"
88,1999,"r*g*r"
88,2000,"r*g*r"
88,2001,"r*g*r"
88,2002,"r*g*r"
88,2003,"r*g*r"
88,2004,"r*g*r"
88,2005,"r*g*r"
88,2006,"r*g*r"
88,2007,"r*g*r"
88,2008,"r*g*r"
88,2009,"r*g*r"
88,2010,"r*g*r"
88,2011,"r*g*r"
88,2012,"r*g*r"
88,2013,"r*g*r"
89,1989,"EUSLG"
89,1990,"EUSLG"
89,1991,"EUSLG"
89,1992,"EUSLG"
89,1993,"EUSLG"
89,1994,"EUSLG"
89,1995,"EUSLG"
89,1996,"EUSLG"
89,1997,"EUSLG"
89,1998,"EUSLG"
89,1999,"EUSLG"
89,2000,"EUSLG"
89,2001,"EUSLG"
89,2002,"EUSLG"
89,2003,"EUSLG"
89,2004,"EUSLG"
89,2005,"EUSLG"
89,2006,"EUSLG"
89,2007,"EUSLG"
89,2008,"EUSLG"
89,2009,"EUSLG"
89,2010,"EUSLG"
89,2011,"EUSLG"
89,2012,"EUSLG"
89,2013,"EUSLG"
90,1989,"EUSLG"
90,1990,"EUSLG"
90,1991,"EUSLG"
90,1992,"EUSLG"
90,1993,"EUSLG"
90,1994,"EUSLG"
90,1995,"EUSLG"
90,1996,"EUSLG"
90,1997,"EUSLG"
90,1998,"EUSLG"
90,1999,"EUSLG"
90,2000,"EUSLG"
90,2001,"EUSLG"
90,2002,"EUSLG"
90,2003,"EUSLG"
90,2004,"EUSLG"
90,2005,"EUSLG"
90,2006,"EUSLG"
90,2007,"EUSLG"
90,2008,"EUSLG"
90,2009,"EUSLG"
90,2010,"EUSLG"
90,2011,"EUSLG"
90,2012,"EUSLG"
90,2013,"EUSLG"
91,1989,"EUSLG"
91,1990,"EUSLG"
91,1991,"EUSLG"
91,1992,"EUSLG"
91,1993,"EUSLG"
91,1994,"EUSLG"
91,1995,"EUSLG"
91,1996,"EUSLG"
91,1997,"EUSLG"
91,1998,"EUSLG"
91,1999,"EUSLG"
91,2000,"EUSLG"
91,2001,"EUSLG"
91,2002,"EUSLG"
91,2003,"EUSLG"
91,2004,"EUSLG"
91,2005,"EUSLG"
91,2006,"EUSLG"
91,2007,"EUSLG"
91,2008,"EUSLG"
91,2009,"EUSLG"
91,2010,"EUSLG"
91,2011,"EUSLG"
91,2012,"EUSLG"
91,2013,"EUSLG"
92,1989,"EUSLG"
92,1990,"EUSLG"
92,1991,"EUSLG"
92,1992,"EUSLG"
92,1993,"EUSLG"
92,1994,"EUSLG"
92,1995,"EUSLG"
92,1996,"EUSLG"
92,1997,"EUSLG"
92,1998,"EUSLG"
92,1999,"EUSLG"
92,2000,"EUSLG"
92,2001,"EUSLG"
92,2002,"EUSLG"
92,2003,"EUSLG"
92,2004,"EUSLG"
92,2005,"EUSLG"
92,2006,"EUSLG"
92,2007,"EUSLG"
92,2008,"EUSLG"
92,2009,"EUSLG"
92,2010,"EUSLG"
92,2011,"EUSLG"
92,2012,"EUSLG"
92,2013,"EUSLG"
93,1989,"EUSLG"
93,1990,"EUSLG"
93,1991,"EUSLG"
93,1992,"EUSLG"
93,1993,"EUSLG"
93,1994,"EUSLG"
93,1995,"EUSLG"
93,1996,"EUSLG"
93,1997,"EUSLG"
93,1998,"EUSLG"
93,1999,"EUSLG"
93,2000,"EUSLG"
93,2001,"EUSLG"
93,2002,"EUSLG"
93,2003,"EUSLG"
93,2004,"EUSLG"
93,2005,"EUSLG"
93,2006,"EUSLG"
93,2007,"EUSLG"
93,2008,"EUSLG"
93,2009,"EUSLG"
93,2010,"EUSLG"
93,2011,"EUSLG"
93,2012,"EUSLG"
93,2013,"EUSLG"
94,1989,"EUSLG"
94,1990,"EUSLG"
94,1991,"EUSLG"
94,1992,"EUSLG"
94,1993,"EUSLG"
94,1994,"EUSLG"
94,1995,"EUSLG"
94,1996,"EUSLG"
94,1997,"EUSLG"
94,1998,"EUSLG"
94,1999,"EUSLG"
94,2000,"EUSLG"
94,2001,"EUSLG"
94,2002,"EUSLG"
94,2003,"EUSLG"
94,2004,"EUSLG"
94,2005,"EUSLG"
94,2006,"EUSLG"
94,2007,"EUSLG"
94,2008,"EUSLG"
94,2009,"EUSLG"
94,2010,"EUSLG"
94,2011,"EUSLG"
94,2012,"EUSLG"
94,2013,"EUSLG"
95,1989,"r*S*G"
95,1990,"r*g*r"
95,1991,"r*g*r"
95,1992,"r*g*r"
95,1993,"r*g*r"
95,1994,"r*g*r"
95,1995,"r*g*r"
95,1996,"r*g*r"
95,1997,"r*g*r"
95,1998,"r*g*r"
95,1999,"r*g*r"
95,2000,"r*g*r"
95,2001,"r*g*r"
95,2002,"r*g*r"
95,2003,"r*g*r"
95,2004,"r*g*r"
95,2005,"r*g*r"
95,2006,"r*g*r"
95,2007,"r*g*r"
95,2008,"r*g*r"
95,2009,"r*g*r"
95,2010,"r*g*r"
95,2011,"r*g*r"
95,2012,"r*g*r"
95,2013,"r*g*c"
96,1989,"_*_**"
96,1990,"_*___"
96,1991,"_____"
96,1992,"_____"
96,1993,"_____"
96,1994,"_____"
96,1995,"_____"
96,1996,"_____"
96,1997,"_____"
96,1998,"_____"
96,1999,"_____"
96,2000,"_____"
96,2001,"_____"
96,2002,"_____"
96,2003,"_____"
96,2004,"_____"
96,2005,"_____"
96,2006,"_____"
96,2007,"_____"
96,2008,"_____"
96,2009,"_____"
96,2010,"_____"
96,2011,"_____"
96,2012,"_____"
96,2013,"_____"
97,1989,"r*S*G"
97,1990,"r*g__"
97,1991,"r_g__"
97,1992,"r_g__"
97,1993,"r_g__"
97,1994,"r_g__"
97,1995,"r_g__"
97,1996,"r_g__"
97,1997,"r_g__"
97,1998,"r_g__"
97,1999,"r_g__"
97,2000,"r_g__"
97,2001,"r_g__"
97,2002,"r_g__"
97,2003,"r_g__"
97,2004,"r_g__"
97,2005,"r_g__"
97,2006,"r_g__"
97,2007,"r_g__"
97,2008,"r_g__"
97,2009,"r_g__"
97,2010,"r_g__"
97,2011,"r_g__"
97,2012,"r_g__"
97,2013,"r_g__"
98,1989,"_*S*G"
98,1990,"_*g__"
98,1991,"__g__"
98,1992,"__g__"
98,1993,"__g__"
98,1994,"__g__"
98,1995,"__g__"
98,1996,"__g__"
98,1997,"__g__"
98,1998,"__g__"
98,1999,"__g__"
98,2000,"__g__"
98,2001,"__g__"
98,2002,"__g__"
98,2003,"__g__"
98,2004,"__g__"
98,2005,"__g__"
98,2006,"__g__"
98,2007,"__g__"
98,2008,"__g__"
98,2009,"__g__"
98,2010,"__g__"
98,2011,"__g__"
98,2012,"__g__"
98,2013,"__g__"
99,1989,"_*S*G"
99,1990,"_*g__"
99,1991,"__g__"
99,1992,"__g__"
99,1993,"__g__"
99,1994,"__g__"
99,1995,"__g__"
99,1996,"__g__"
99,1997,"__g__"
99,1998,"__g__"
99,1999,"__g__"
99,2000,"__g__"
99,2001,"__g__"
99,2002,"__g__"
99,2003,"__g__"
99,2004,"__g__"
99,2005,"__g__"
99,2006,"__g__"
99,2007,"__g__"
99,2008,"__g__"
99,2009,"__g__"
99,2010,"__g__"
99,2011,"__g__"
99,2012,"__g__"
99,2013,"__g__"
100,1989,"r*S*G"
100,1990,"r*g__"
100,1991,"r_g__"
100,1992,"r_g__"
100,1993,"r_g__"
100,1994,"r_g__"
100,1995,"r_g__"
100,1996,"r_g__"
100,1997,"r_g__"
100,1998,"r_g__"
100,1999,"r_g__"
100,2000,"r_g__"
100,2001,"r_g__"
100,2002,"r_g__"
100,2003,"r_g__"
100,2004,"r_g__"
100,2005,"r_g__"
100,2006,"r_g__"
100,2007,"r_g__"
100,2008,"r_g__"
100,2009,"r_g__"
100,2010,"r_g__"
100,2011,"r_g__"
100,2012,"r_g__"
100,2013,"r_g__"
101,1989,"_*_**"
101,1990,"_*___"
101,1991,"_____"
101,1992,"_____"
101,1993,"_____"
101,1994,"_____"
101,1995,"_____"
101,1996,"_____"
101,1997,"_____"
101,1998,"_____"
101,1999,"_____"
101,2000,"_____"
101,2001,"_____"
101,2002,"_____"
101,2003,"_____"
101,2004,"_____"
101,2005,"_____"
101,2006,"_____"
101,2007,"_____"
101,2008,"_____"
101,2009,"_____"
101,2010,"_____"
101,2011,"_____"
101,2012,"_____"
101,2013,"_____"
102,1989,"_*_**"
102,1990,"_*___"
102,1991,"_____"
102,1992,"_____"
102,1993,"_____"
102,1994,"_____"
102,1995,"_____"
102,1996,"_____"
102,1997,"_____"
102,1998,"_____"
102,1999,"_____"
102,2000,"_____"
102,2001,"_____"
102,2002,"_____"
102,2003,"_____"
102,2004,"_____"
102,2005,"_____"
102,2006,"_____"
102,2007,"_____"
102,2008,"_____"
102,2009,"_____"
102,2010,"_____"
102,2011,"_____"
102,2012,"_____"
102,2013,"_____"
103,1989,"_*S*G"
103,1990,"_*g_r"
103,1991,"_*g_r"
103,1992,"_*g_r"
103,1993,"_*g_r"
103,1994,"_*g_r"
103,1995,"_*g_r"
103,1996,"_*g_r"
103,1997,"_*g_r"
103,1998,"_*g_r"
103,1999,"_*g_r"
103,2000,"_*g__"
103,2001,"_*g__"
103,2002,"_*g__"
103,2003,"_*g__"
103,2004,"_*g__"
103,2005,"_*g__"
103,2006,"_*g__"
103,2007,"_*g__"
103,2008,"_*g__"
103,2009,"_*g__"
103,2010,"_*g__"
103,2011,"_*g__"
103,2012,"_*g__"
103,2013,"_*g__"
104,1989,"r*S*G"
104,1990,"r*g__"
104,1991,"r_g__"
104,1992,"r_g__"
104,1993,"r_g__"
104,1994,"r_g__"
104,1995,"r_g__"
104,1996,"r_g__"
104,1997,"r_g__"
104,1998,"r_g__"
104,1999,"r_g__"
104,2000,"r_g__"
104,2001,"r_g__"
104,2002,"r_g__"
104,2003,"r_g__"
104,2004,"r_g__"
104,2005,"r_g__"
104,2006,"r_g__"
104,2007,"r_g__"
104,2008,"r_g__"
104,2009,"r_g__"
104,2010,"r_g__"
104,2011,"r_g__"
104,2012,"r_g__"
104,2013,"r_g__"
105,1989,"EUSLG"
105,1990,"EUSLG"
105,1991,"EUSLG"
105,1992,"EUSLG"
105,1993,"EUSLG"
105,1994,"EUSLG"
105,1995,"EUSLG"
105,1996,"EUSLG"
105,1997,"EUSLG"
105,1998,"EUSLG"
105,1999,"EUSLG"
105,2000,"EUSLG"
105,2001,"EUSLG"
105,2002,"EUSLG"
105,2003,"EUSLG"
105,2004,"EUSLG"
105,2005,"EUSLG"
105,2006,"EUSLG"
105,2007,"EUSLG"
105,2008,"EUSLG"
105,2009,"EUSLG"
105,2010,"EUSLG"
105,2011,"EUSLG"
105,2012,"EUSLG"
105,2013,"EUSLG"
106,1989,"_*_**"
106,1990,"_*___"
106,1991,"_____"
106,1992,"_____"
106,1993,"_____"
106,1994,"_____"
106,1995,"_____"
106,1996,"_____"
106,1997,"_____"
106,1998,"_____"
106,1999,"_____"
106,2000,"_____"
106,2001,"_____"
106,2002,"_____"
106,2003,"_____"
106,2004,"_____"
106,2005,"_____"
106,2006,"_____"
106,2007,"_____"
106,2008,"_____"
106,2009,"_____"
106,2010,"_____"
106,2011,"_____"
106,2012,"_____"
106,2013,"_____"
107,1989,"r*S*G"
107,1990,"r*g*r"
107,1991,"r*g*r"
107,1992,"r*g*r"
107,1993,"r*g*r"
107,1994,"r*g*r"
107,1995,"r*g*r"
107,1996,"r*g*r"
107,1997,"r*g*r"
107,1998,"r*g*r"
107,1999,"r*g*r"
107,2000,"r*g*r"
107,2001,"r*g*r"
107,2002,"r*g*r"
107,2003,"r*g*r"
107,2004,"r*g*r"
107,2005,"r*g*r"
107,2006,"r*g*r"
107,2007,"r*g*r"
107,2008,"r*g*r"
107,2009,"r*g*r"
107,2010,"r*g*r"
107,2011,"r*g*r"
107,2012,"r*g*r"
107,2013,"r*g*r"
108,1989,"_*S*G"
108,1990,"_*g*_"
108,1991,"_*g*_"
108,1992,"_*g*_"
108,1993,"_*g*_"
108,1994,"_*g*_"
108,1995,"_*g*_"
108,1996,"_*g*_"
108,1997,"_*g*_"
108,1998,"_*g*_"
108,1999,"_*g*_"
108,2000,"_*g*_"
108,2001,"_*g*_"
108,2002,"_*g*_"
108,2003,"_*g*_"
108,2004,"_*g*_"
108,2005,"_*g*_"
108,2006,"_*g*_"
108,2007,"_*g*_"
108,2008,"_*g*_"
108,2009,"_*g*_"
108,2010,"_*g*_"
108,2011,"_*g*_"
108,2012,"_*g*_"
108,2013,"_*g*c"
110,1989,"_*S*G"
110,1990,"_*g__"
110,1991,"__g__"
110,1992,"__g__"
110,1993,"__g__"
110,1994,"__g__"
110,1995,"__g__"
110,1996,"__g__"
110,1997,"__g__"
110,1998,"__g__"
110,1999,"__g__"
110,2000,"__g__"
110,2001,"__g__"
110,2002,"__g__"
110,2003,"__g__"
110,2004,"__g__"
110,2005,"__g__"
110,2006,"__g__"
110,2007,"__g__"
110,2008,"__g__"
110,2009,"__g__"
110,2010,"__g__"
110,2011,"__g__"
110,2012,"__g__"
110,2013,"__g__"
111,1989,"r*S*G"
111,1990,"r*g*r"
111,1991,"r*g*r"
111,1992,"r*g*r"
111,1993,"r*g*r"
111,1994,"r*g*r"
111,1995,"r*g*r"
111,1996,"r*g*r"
111,1997,"r*g*r"
111,1998,"r*g*r"
111,1999,"r*g*r"
111,2000,"r*g*r"
111,2001,"r*g*r"
111,2002,"r*g*r"
111,2003,"r*g*r"
111,2004,"r*g*r"
111,2005,"r*g*r"
111,2006,"r*g*r"
111,2007,"r*g*r"
111,2008,"r*g*r"
111,2009,"r*g*r"
111,2010,"r*g*r"
111,2011,"r*g*r"
111,2012,"r*g*r"
111,2013,"r*g*c"
112,1989,"_*S*G"
112,1990,"_*g__"
112,1991,"__g__"
112,1992,"__g__"
112,1993,"__g__"
112,1994,"__g__"
112,1995,"__g__"
112,1996,"__g__"
112,1997,"__g__"
112,1998,"__g__"
112,1999,"__g__"
112,2000,"__g__"
112,2001,"__g__"
112,2002,"__g__"
112,2003,"__g__"
112,2004,"__g__"
112,2005,"__g__"
112,2006,"__g__"
112,2007,"__g__"
112,2008,"__g__"
112,2009,"__g__"
112,2010,"__g__"
112,2011,"__g__"
112,2012,"__g_r"
112,2013,"__g_c"
113,1989,"_*S*G"
113,1990,"_*g*r"
113,1991,"_*g*r"
113,1992,"_*g*r"
113,1993,"_*g*r"
113,1994,"_*g*r"
113,1995,"_*g*r"
113,1996,"_*g*r"
113,1997,"_*g*r"
113,1998,"_*g*r"
113,1999,"_*g*r"
113,2000,"_*g*r"
113,2001,"_*g*r"
113,2002,"_*g*r"
113,2003,"_*g*r"
113,2004,"_*g*r"
113,2005,"_*g*r"
113,2006,"_*g*r"
113,2007,"_*g*r"
113,2008,"_*g*r"
113,2009,"_*g*r"
113,2010,"_*g*r"
113,2011,"_*g*r"
113,2012,"_*g*r"
113,2013,"_*g*c"
114,1989,"_*_**"
114,1990,"_*__*"
114,1991,"____*"
114,1992,"____*"
114,1993,"____*"
114,1994,"____*"
114,1995,"____*"
114,1996,"____*"
114,1997,"____*"
114,1998,"_____"
114,1999,"_____"
114,2000,"_____"
114,2001,"_____"
114,2002,"_____"
114,2003,"_____"
114,2004,"_____"
114,2005,"_____"
114,2006,"_____"
114,2007,"_____"
114,2008,"_____"
114,2009,"_____"
114,2010,"_____"
114,2011,"_____"
114,2012,"_____"
114,2013,"_____"
115,1989,"_*_**"
115,1990,"_*___"
115,1991,"_____"
115,1992,"_____"
115,1993,"_____"
115,1994,"_____"
115,1995,"_____"
115,1996,"_____"
115,1997,"_____"
115,1998,"_____"
115,1999,"_____"
115,2000,"_____"
115,2001,"_____"
115,2002,"_____"
115,2003,"_____"
115,2004,"_____"
115,2005,"_____"
115,2006,"_____"
115,2007,"_____"
115,2008,"_____"
115,2009,"_____"
115,2010,"_____"
115,2011,"_____"
115,2012,"_____"
115,2013,"_____"
116,1989,"_*_**"
116,1990,"_*___"
116,1991,"_____"
116,1992,"_____"
116,1993,"_____"
116,1994,"_____"
116,1995,"_____"
116,1996,"_____"
116,1997,"_____"
116,1998,"_____"
116,1999,"_____"
116,2000,"_____"
116,2001,"_____"
116,2002,"_____"
116,2003,"_____"
116,2004,"_____"
116,2005,"_____"
116,2006,"_____"
116,2007,"_____"
116,2008,"_____"
116,2009,"_____"
116,2010,"_____"
116,2011,"_____"
116,2012,"_____"
116,2013,"_____"
117,1989,"_*S*G"
117,1990,"_*g*r"
117,1991,"_*g*r"
117,1992,"_*g*r"
117,1993,"_*g*r"
117,1994,"_*g*r"
117,1995,"_*g*r"
117,1996,"_*g*r"
117,1997,"_*g*r"
117,1998,"_*g*r"
117,1999,"_*g*r"
117,2000,"_*g*r"
117,2001,"_*g*r"
117,2002,"_*g*r"
117,2003,"_*g*r"
117,2004,"_*g*r"
117,2005,"_*g*r"
117,2006,"_*g*r"
117,2007,"_*g*r"
117,2008,"_*g*r"
117,2009,"_*g*r"
117,2010,"_*g*r"
117,2011,"_*g*r"
117,2012,"_*g*r"
117,2013,"_*g*c"
118,1989,"_*S*G"
118,1990,"_*g*r"
118,1991,"_*g*r"
118,1992,"_*g*r"
118,1993,"_*g*r"
118,1994,"_*g*r"
118,1995,"_*g*r"
118,1996,"_*g*r"
118,1997,"_*g*r"
118,1998,"_*g*r"
118,1999,"_*g*r"
118,2000,"_*g*r"
118,2001,"_*g*r"
118,2002,"_*g*r"
118,2003,"_*g*r"
118,2004,"_*g*r"
118,2005,"_*g*r"
118,2006,"_*g*r"
118,2007,"_*g*r"
118,2008,"_*g*r"
118,2009,"_*g*r"
118,2010,"_*g*r"
118,2011,"_*g*r"
118,2012,"_*g*r"
118,2013,"_*g*c"
119,1989,"_*S*G"
119,1990,"_*g*_"
119,1991,"_*g*_"
119,1992,"_*g*_"
119,1993,"_*g*_"
119,1994,"_*g*_"
119,1995,"_*g*_"
119,1996,"_*g*_"
119,1997,"_*g*_"
119,1998,"_*g*_"
119,1999,"_*g*_"
119,2000,"_*g*_"
119,2001,"_*g*_"
119,2002,"_*g*_"
119,2003,"_*g*_"
119,2004,"_*g*_"
119,2005,"_*g*_"
119,2006,"_*g*_"
119,2007,"_*g*_"
119,2008,"_*g*_"
119,2009,"_*g*_"
119,2010,"_*g*_"
119,2011,"_*g*_"
119,2012,"_*g*_"
119,2013,"_*g*_"
120,1989,"_*S*G"
120,1990,"_*g*_"
120,1991,"_*g*_"
120,1992,"_*g*_"
120,1993,"_*g*_"
120,1994,"_*g*_"
120,1995,"_*g*_"
120,1996,"_*g*_"
120,1997,"_*g*_"
120,1998,"_*g*_"
120,1999,"_*g*_"
120,2000,"_*g*_"
120,2001,"_*g*_"
120,2002,"_*g*_"
120,2003,"_*g*_"
120,2004,"_*g*_"
120,2005,"_*g*_"
120,2006,"_*g*_"
120,2007,"_*g*_"
120,2008,"_*g*_"
120,2009,"_*g*_"
120,2010,"_*g*_"
120,2011,"_*g*_"
120,2012,"_*g*_"
120,2013,"_*g*_"
121,1989,"r*S*G"
121,1990,"r*g*r"
121,1991,"r*g*r"
121,1992,"r*g*r"
121,1993,"r*g*r"
121,1994,"r*g*r"
121,1995,"r*g*r"
121,1996,"r*g*r"
121,1997,"r*g*r"
121,1998,"r*g*r"
121,1999,"r*g*r"
121,2000,"r*g*r"
121,2001,"r*g*r"
121,2002,"r*g*r"
121,2003,"r*g*r"
121,2004,"r*g*r"
121,2005,"r*g*r"
121,2006,"r*g*r"
121,2007,"r*g*r"
121,2008,"r*g*r"
121,2009,"r*g*r"
121,2010,"r*g*r"
121,2011,"r*g*r"
121,2012,"r*g*r"
121,2013,"r*g*c"
122,1989,"_*S*G"
122,1990,"_*g__"
122,1991,"_*g__"
122,1992,"_*g__"
122,1993,"_*g__"
122,1994,"_*g__"
122,1995,"_*g__"
122,1996,"_*g__"
122,1997,"_*g__"
122,1998,"_*g__"
122,1999,"_*g__"
122,2000,"_*g__"
122,2001,"_*g__"
122,2002,"_*g__"
122,2003,"_*g__"
122,2004,"_*g__"
122,2005,"_*g__"
122,2006,"_*g__"
122,2007,"_*g__"
122,2008,"_*g__"
122,2009,"_*g__"
122,2010,"_*g__"
122,2011,"_*g__"
122,2012,"_*g__"
122,2013,"_*g__"
123,1989,"_*S*G"
123,1990,"_*g*_"
123,1991,"_*g*_"
123,1992,"_*g*_"
123,1993,"_*g*_"
123,1994,"_*g*_"
123,1995,"_*g*_"
123,1996,"_*g*_"
123,1997,"_*g*_"
123,1998,"_*g*_"
123,1999,"_*g*_"
123,2000,"_*g*_"
123,2001,"_*g*_"
123,2002,"_*g*_"
123,2003,"_*g*_"
123,2004,"_*g*_"
123,2005,"_*g*_"
123,2006,"_*g*_"
123,2007,"_*g*_"
123,2008,"_*g*_"
123,2009,"_*g*_"
123,2010,"_*g*_"
123,2011,"_*g*_"
123,2012,"_*g*_"
123,2013,"_*g*_"
124,1989,"_*_**"
124,1990,"_*___"
124,1991,"_____"
124,1992,"_____"
124,1993,"_____"
124,1994,"_____"
124,1995,"_____"
124,1996,"_____"
124,1997,"_____"
124,1998,"_____"
124,1999,"_____"
124,2000,"_____"
124,2001,"_____"
124,2002,"_____"
124,2003,"_____"
124,2004,"_____"
124,2005,"_____"
124,2006,"_____"
124,2007,"_____"
124,2008,"_____"
124,2009,"_____"
124,2010,"_____"
124,2011,"_____"
124,2012,"_____"
124,2013,"____*"
125,1989,"_*S*G"
125,1990,"_*g*_"
125,1991,"_*g*_"
125,1992,"_*g*_"
125,1993,"_*g*_"
125,1994,"_*g*_"
125,1995,"_*g*_"
125,1996,"_*g*_"
125,1997,"_*g*_"
125,1998,"_*g*_"
125,1999,"_*g*_"
125,2000,"_*g*_"
125,2001,"_*g*_"
125,2002,"_*g*_"
125,2003,"_*g*_"
125,2004,"_*g*_"
125,2005,"_*g*_"
125,2006,"_*g*_"
125,2007,"_*g*_"
125,2008,"_*g*_"
125,2009,"_*g*_"
125,2010,"_*g*_"
125,2011,"_*g*_"
125,2012,"_*g*_"
125,2013,"_*g*_"
126,1989,"_*_**"
126,1990,"_*___"
126,1991,"_____"
126,1992,"_____"
126,1993,"_____"
126,1994,"_____"
126,1995,"_____"
126,1996,"_____"
126,1997,"_____"
126,1998,"_____"
126,1999,"_____"
126,2000,"_____"
126,2001,"_____"
126,2002,"_____"
126,2003,"_____"
126,2004,"_____"
126,2005,"_____"
126,2006,"_____"
126,2007,"_____"
126,2008,"_____"
126,2009,"_____"
126,2010,"_____"
126,2011,"_____"
126,2012,"_____"
126,2013,"_____"
127,1989,"_*S*G"
127,1990,"_*g__"
127,1991,"_*g__"
127,1992,"_*g__"
127,1993,"_*g__"
127,1994,"_*g__"
127,1995,"_*g__"
127,1996,"_*g__"
127,1997,"_*g__"
127,1998,"_*g__"
127,1999,"_*g__"
127,2000,"_*g__"
127,2001,"_*g__"
127,2002,"_*g__"
127,2003,"_*g__"
127,2004,"_*g__"
127,2005,"_*g__"
127,2006,"_*g__"
127,2007,"_*g__"
127,2008,"_*g__"
127,2009,"_*g__"
127,2010,"_*g__"
127,2011,"_*g__"
127,2012,"_*g__"
127,2013,"_*g__"
129,1989,"_*_**"
129,1990,"_*___"
129,1991,"_____"
129,1992,"_____"
129,1993,"_____"
129,1994,"_____"
129,1995,"_____"
129,1996,"_____"
129,1997,"_____"
129,1998,"_____"
129,1999,"_____"
129,2000,"_____"
129,2001,"_____"
129,2002,"_____"
129,2003,"_____"
129,2004,"_____"
129,2005,"_____"
129,2006,"_____"
129,2007,"_____"
129,2008,"_____"
129,2009,"_____"
129,2010,"_____"
129,2011,"_____"
129,2012,"_____"
129,2013,"_____"
130,1989,"_*_**"
130,1990,"_*___"
130,1991,"_____"
130,1992,"_____"
130,1993,"_____"
130,1994,"_____"
130,1995,"_____"
130,1996,"_____"
130,1997,"_____"
130,1998,"_____"
130,1999,"_____"
130,2000,"_____"
130,2001,"_____"
130,2002,"_____"
130,2003,"_____"
130,2004,"_____"
130,2005,"_____"
130,2006,"_____"
130,2007,"_____"
130,2008,"_____"
130,2009,"_____"
130,2010,"_____"
130,2011,"_____"
130,2012,"_____"
130,2013,"_____"
131,1989,"_*_**"
131,1990,"_*___"
131,1991,"_____"
131,1992,"_____"
131,1993,"_____"
131,1994,"_____"
131,1995,"_____"
131,1996,"_____"
131,1997,"_____"
131,1998,"_____"
131,1999,"_____"
131,2000,"_____"
131,2001,"_____"
131,2002,"_____"
131,2003,"_____"
131,2004,"_____"
131,2005,"_____"
131,2006,"_____"
131,2007,"_____"
131,2008,"_____"
131,2009,"_____"
131,2010,"_____"
131,2011,"_____"
131,2012,"_____"
131,2013,"_____"
132,1989,"_*_**"
132,1990,"_*___"
132,1991,"_____"
132,1992,"_____"
132,1993,"_____"
132,1994,"_____"
132,1995,"_____"
132,1996,"_____"
132,1997,"_____"
132,1998,"_____"
132,1999,"_____"
132,2000,"_____"
132,2001,"_____"
132,2002,"_____"
132,2003,"_____"
132,2004,"_____"
132,2005,"_____"
132,2006,"_____"
132,2007,"_____"
132,2008,"_____"
132,2009,"_____"
132,2010,"_____"
132,2011,"_____"
132,2012,"_____"
132,2013,"_____"
133,1989,"_*_**"
133,1990,"_*___"
133,1991,"_____"
133,1992,"_____"
133,1993,"_____"
133,1994,"_____"
133,1995,"_____"
133,1996,"_____"
133,1997,"_____"
133,1998,"_____"
133,1999,"_____"
133,2000,"_____"
133,2001,"_____"
133,2002,"_____"
133,2003,"_____"
133,2004,"_____"
133,2005,"_____"
133,2006,"_____"
133,2007,"_____"
133,2008,"_____"
133,2009,"_____"
133,2010,"_____"
133,2011,"_____"
133,2012,"_____"
133,2013,"_____"
134,1989,"_*_**"
134,1990,"_*___"
134,1991,"_____"
134,1992,"_____"
134,1993,"_____"
134,1994,"_____"
134,1995,"_____"
134,1996,"_____"
134,1997,"_____"
134,1998,"_____"
134,1999,"_____"
134,2000,"_____"
134,2001,"_____"
134,2002,"_____"
134,2003,"_____"
134,2004,"_____"
134,2005,"_____"
134,2006,"_____"
134,2007,"_____"
134,2008,"_____"
134,2009,"_____"
134,2010,"_____"
134,2011,"_____"
134,2012,"_____"
134,2013,"_____"
135,1989,"_*_**"
135,1990,"_*___"
135,1991,"_____"
135,1992,"_____"
135,1993,"_____"
135,1994,"_____"
135,1995,"_____"
135,1996,"_____"
135,1997,"_____"
135,1998,"_____"
135,1999,"_____"
135,2000,"_____"
135,2001,"_____"
135,2002,"_____"
135,2003,"_____"
135,2004,"_____"
135,2005,"_____"
135,2006,"_____"
135,2007,"_____"
135,2008,"_____"
135,2009,"_____"
135,2010,"_____"
135,2011,"_____"
135,2012,"_____"
135,2013,"_____"
136,1989,"_*_**"
136,1990,"_*___"
136,1991,"_____"
136,1992,"_____"
136,1993,"_____"
136,1994,"_____"
136,1995,"_____"
136,1996,"_____"
136,1997,"_____"
136,1998,"_____"
136,1999,"_____"
136,2000,"_____"
136,2001,"_____"
136,2002,"_____"
136,2003,"_____"
136,2004,"_____"
136,2005,"_____"
136,2006,"_____"
136,2007,"_____"
136,2008,"_____"
136,2009,"_____"
136,2010,"_____"
136,2011,"_____"
136,2012,"_____"
136,2013,"_____"
137,1989,"_*S*G"
137,1990,"_*g__"
137,1991,"__g__"
137,1992,"__g__"
137,1993,"__g__"
137,1994,"__g__"
137,1995,"__g__"
137,1996,"__g__"
137,1997,"__g__"
137,1998,"__g__"
137,1999,"__g__"
137,2000,"__g__"
137,2001,"__g__"
137,2002,"__g__"
137,2003,"__g__"
137,2004,"__g__"
137,2005,"__g__"
137,2006,"__g__"
137,2007,"__g__"
137,2008,"__g__"
137,2009,"__g__"
137,2010,"__g__"
137,2011,"__g__"
137,2012,"__g__"
137,2013,"__g__"
138,1989,"_*_**"
138,1990,"_*___"
138,1991,"_____"
138,1992,"_____"
138,1993,"_____"
138,1994,"_____"
138,1995,"_____"
138,1996,"_____"
138,1997,"_____"
138,1998,"_____"
138,1999,"_____"
138,2000,"_____"
138,2001,"_____"
138,2002,"_____"
138,2003,"_____"
138,2004,"_____"
138,2005,"_____"
138,2006,"_____"
138,2007,"_____"
138,2008,"_____"
138,2009,"_____"
138,2010,"_____"
138,2011,"_____"
138,2012,"_____"
138,2013,"_____"
139,1989,"_*_**"
139,1990,"_*___"
139,1991,"_____"
139,1992,"_____"
139,1993,"_____"
139,1994,"_____"
139,1995,"_____"
139,1996,"_____"
139,1997,"_____"
139,1998,"_____"
139,1999,"_____"
139,2000,"_____"
139,2001,"_____"
139,2002,"_____"
139,2003,"_____"
139,2004,"_____"
139,2005,"_____"
139,2006,"_____"
139,2007,"_____"
139,2008,"_____"
139,2009,"_____"
139,2010,"_____"
139,2011,"_____"
139,2012,"_____"
139,2013,"_____"
140,1989,"_*S*G"
140,1990,"_*g*r"
140,1991,"_*g*r"
140,1992,"_*g*r"
140,1993,"_*g*r"
140,1994,"_*g*r"
140,1995,"_*g*r"
140,1996,"_*g*r"
140,1997,"_*g*r"
140,1998,"_*g*r"
140,1999,"_*g*r"
140,2000,"_*g*r"
140,2001,"_*g*r"
140,2002,"_*g*r"
140,2003,"_*g*r"
140,2004,"_*g*r"
140,2005,"_*g*r"
140,2006,"_*g*r"
140,2007,"_*g*r"
140,2008,"_*g*r"
140,2009,"_*g*r"
140,2010,"_*g*r"
140,2011,"_*g*r"
140,2012,"_*g*r"
140,2013,"_*g*r"
141,1989,"r*S*G"
141,1990,"r*g*r"
141,1991,"r*g*r"
141,1992,"r*g*r"
141,1993,"r*g*r"
141,1994,"r*g*r"
141,1995,"r*g*r"
141,1996,"r*g*r"
141,1997,"r*g*r"
141,1998,"r*g*r"
141,1999,"r*g*r"
141,2000,"r*g*r"
141,2001,"r*g*r"
141,2002,"r*g*r"
141,2003,"r*g*r"
141,2004,"r*g*r"
141,2005,"r*g*r"
141,2006,"r*g*r"
141,2007,"r*g*r"
141,2008,"r*g*r"
141,2009,"r*g*r"
141,2010,"r*g*r"
141,2011,"r*g*r"
141,2012,"r*g*r"
141,2013,"r*g*c"
143,1989,"_*_**"
143,1990,"_*___"
143,1991,"_____"
143,1992,"_____"
143,1993,"_____"
143,1994,"_____"
143,1995,"_____"
143,1996,"_____"
143,1997,"_____"
143,1998,"_____"
143,1999,"_____"
143,2000,"_____"
143,2001,"_____"
143,2002,"_____"
143,2003,"_____"
143,2004,"_____"
143,2005,"_____"
143,2006,"_____"
143,2007,"_____"
143,2008,"_____"
143,2009,"_____"
143,2010,"_____"
143,2011,"_____"
143,2012,"_____"
143,2013,"_____"
144,1989,"r*S*G"
144,1990,"r*g*r"
144,1991,"r*g*r"
144,1992,"r*g*r"
144,1993,"r*g*r"
144,1994,"r*g*r"
144,1995,"r*g*r"
144,1996,"r*g*r"
144,1997,"r*g*r"
144,1998,"r*g*r"
144,1999,"r*g*r"
144,2000,"r*g*r"
144,2001,"r*g*r"
144,2002,"r*g*r"
144,2003,"r*g*r"
144,2004,"r*g*r"
144,2005,"r*g*r"
144,2006,"r*g*r"
144,2007,"r*g*r"
144,2008,"r*g*r"
144,2009,"r*g*r"
144,2010,"r*g*r"
144,2011,"r*g*r"
144,2012,"r*g*r"
144,2013,"r*g*r"
145,1989,"r*S*G"
145,1990,"r*g*r"
145,1991,"r*g*r"
145,1992,"r*g*r"
145,1993,"r*g*r"
145,1994,"r*g*r"
145,1995,"r*g*r"
145,1996,"r*g*r"
145,1997,"r*g*r"
145,1998,"r*g*r"
145,1999,"r*g*r"
145,2000,"r*g*r"
145,2001,"r*g*r"
145,2002,"r*g*r"
145,2003,"r*g*r"
145,2004,"r*g*r"
145,2005,"r*g*r"
145,2006,"r*g*r"
145,2007,"r*g*r"
145,2008,"r*g*r"
145,2009,"r*g*r"
145,2010,"r*g*r"
145,2011,"r*g*r"
145,2012,"r*g*r"
145,2013,"r*g*c"
146,1989,"r*S*G"
146,1990,"r*g*r"
146,1991,"r*g*r"
146,1992,"r*g*r"
146,1993,"r*g*r"
146,1994,"r*g*r"
146,1995,"r*g*r"
146,1996,"r*g*r"
146,1997,"r*g*r"
146,1998,"r*g*r"
146,1999,"r*g*r"
146,2000,"r*g*r"
146,2001,"r*g*r"
146,2002,"r*g*r"
146,2003,"r*g*r"
146,2004,"r*g*r"
146,2005,"r*g*r"
146,2006,"r*g*r"
146,2007,"r*g*r"
146,2008,"r*g*r"
146,2009,"r*g*r"
146,2010,"r*g*r"
146,2011,"r*g*r"
146,2012,"r*g*r"
146,2013,"r*g*r"
147,1989,"r*S*G"
147,1990,"r*g_r"
147,1991,"r*g_r"
147,1992,"r*g_r"
147,1993,"r*g_r"
147,1994,"r*g_r"
147,1995,"r*g_r"
147,1996,"r*g_r"
147,1997,"r*g_r"
147,1998,"r*g_r"
147,1999,"r*g_r"
147,2000,"r*g_r"
147,2001,"r*g_r"
147,2002,"r*g_r"
147,2003,"r*g_r"
147,2004,"r*g_r"
147,2005,"r*g_r"
147,2006,"r*g_r"
147,2007,"r*g_r"
147,2008,"r*g_r"
147,2009,"r*g_r"
147,2010,"r*g_r"
147,2011,"r*g_r"
147,2012,"r*g_r"
147,2013,"r*g_c"
148,1989,"r*S*G"
148,1990,"r*g*r"
148,1991,"r*g*r"
148,1992,"r*g*r"
148,1993,"r*g*r"
148,1994,"r*g*r"
148,1995,"r*g*r"
148,1996,"r*g*r"
148,1997,"r*g*r"
148,1998,"r*g*r"
148,1999,"r*g*r"
148,2000,"r*g*r"
148,2001,"r*g*r"
148,2002,"r*g*r"
148,2003,"r*g*r"
148,2004,"r*g*r"
148,2005,"r*g*r"
148,2006,"r*g*r"
148,2007,"r*g*r"
148,2008,"r*g*r"
148,2009,"r*g*r"
148,2010,"r*g*r"
148,2011,"r*g*r"
148,2012,"r*g*r"
148,2013,"r*g*r"
149,1989,"r*S*G"
149,1990,"r*g*r"
149,1991,"r*g*r"
149,1992,"r*g*r"
149,1993,"r*g*r"
149,1994,"r*g*r"
149,1995,"r*g*r"
149,1996,"r*g*r"
149,1997,"r*g*r"
149,1998,"r*g*r"
149,1999,"r*g*r"
149,2000,"r*g*r"
149,2001,"r*g*r"
149,2002,"r*g*r"
149,2003,"r*g*r"
149,2004,"r*g*r"
149,2005,"r*g*r"
149,2006,"r*g*r"
149,2007,"r*g*r"
149,2008,"r*g*r"
149,2009,"r*g*r"
149,2010,"r*g*r"
149,2011,"r*g*r"
149,2012,"r*g*r"
149,2013,"r*g*r"
150,1989,"r*S*G"
150,1990,"r*g*r"
150,1991,"r*g*r"
150,1992,"r*g*r"
150,1993,"r*g*r"
150,1994,"r*g*r"
150,1995,"r*g*r"
150,1996,"r*g*r"
150,1997,"r*g*r"
150,1998,"r*g*r"
150,1999,"r*g*r"
150,2000,"r*g*r"
150,2001,"r*g*r"
150,2002,"r*g*r"
150,2003,"r*g*r"
150,2004,"r*g*r"
150,2005,"r*g*r"
150,2006,"r*g*r"
150,2007,"r*g*r"
150,2008,"r*g*r"
150,2009,"r*g*r"
150,2010,"r*g*r"
150,2011,"r*g*r"
150,2012,"r*g*r"
150,2013,"r*g*r"
151,1989,"r*S*G"
151,1990,"r*g*r"
151,1991,"r*g*r"
151,1992,"r*g*r"
151,1993,"r*g*r"
151,1994,"r*g*r"
151,1995,"r*g*r"
151,1996,"r*g*r"
151,1997,"r*g*r"
151,1998,"r*g*r"
151,1999,"r*g*r"
151,2000,"r*g*r"
151,2001,"r*g*r"
151,2002,"r*g*r"
151,2003,"r*g*r"
151,2004,"r*g*r"
151,2005,"r*g*r"
151,2006,"r*g*r"
151,2007,"r*g*r"
151,2008,"r*g*r"
151,2009,"r*g*r"
151,2010,"r*g*r"
151,2011,"r*g*r"
151,2012,"r*g*r"
151,2013,"r*g*c"
152,1989,"r*S*G"
152,1990,"r*g__"
152,1991,"r*g__"
152,1992,"r*g__"
152,1993,"r*g__"
152,1994,"r*g__"
152,1995,"r*g__"
152,1996,"r*g__"
152,1997,"r*g__"
152,1998,"r*g__"
152,1999,"r*g__"
152,2000,"r*g__"
152,2001,"r*g__"
152,2002,"r*g__"
152,2003,"r*g__"
152,2004,"r*g__"
152,2005,"r*g__"
152,2006,"r*g__"
152,2007,"r*g__"
152,2008,"r*g__"
152,2009,"r*g__"
152,2010,"r*g__"
152,2011,"r*g__"
152,2012,"r*g__"
152,2013,"r*g__"
153,1989,"r*S*G"
153,1990,"r*g*r"
153,1991,"r*g*r"
153,1992,"r*g*r"
153,1993,"r*g*r"
153,1994,"r*g*r"
153,1995,"r*g*r"
153,1996,"r*g*r"
153,1997,"r*g*r"
153,1998,"r*g*r"
153,1999,"r*g*r"
153,2000,"r*g*r"
153,2001,"r*g*r"
153,2002,"r*g*r"
153,2003,"r*g*r"
153,2004,"r*g*r"
153,2005,"r*g*r"
153,2006,"r*g*r"
153,2007,"r*g*r"
153,2008,"r*g*r"
153,2009,"r*g*r"
153,2010,"r*g*r"
153,2011,"r*g*r"
153,2012,"r*g*r"
153,2013,"r*g*c"
154,1989,"r*S*G"
154,1990,"r*g*r"
154,1991,"r*g*r"
154,1992,"r*g*r"
154,1993,"r*g*r"
154,1994,"r*g*r"
154,1995,"r*g*r"
154,1996,"r*g*r"
154,1997,"r*g*r"
154,1998,"r*g*r"
154,1999,"r*g*r"
154,2000,"r*g*r"
154,2001,"r*g*r"
154,2002,"r*g*r"
154,2003,"r*g*r"
154,2004,"r*g*r"
154,2005,"r*g*r"
154,2006,"r*g*r"
154,2007,"r*g*r"
154,2008,"r*g*r"
154,2009,"r*g*r"
154,2010,"r*g*r"
154,2011,"r*g*r"
154,2012,"r*g*r"
154,2013,"r*g*c"
155,1989,"_*S*G"
155,1990,"_*g__"
155,1991,"_*g__"
155,1992,"_*g__"
155,1993,"_*g__"
155,1994,"_*g__"
155,1995,"_*g__"
155,1996,"_*g__"
155,1997,"_*g__"
155,1998,"_*g__"
155,1999,"_*g__"
155,2000,"_*g__"
155,2001,"_*g__"
155,2002,"_*g__"
155,2003,"_*g__"
155,2004,"_*g__"
155,2005,"_*g__"
155,2006,"_*g__"
155,2007,"_*g__"
155,2008,"_*g__"
155,2009,"_*g__"
155,2010,"_*g__"
155,2011,"_*g__"
155,2012,"_*g__"
155,2013,"_*g__"
156,1989,"r*S*G"
156,1990,"r*g*r"
156,1991,"r*g*r"
156,1992,"r*g*r"
156,1993,"r*g*r"
156,1994,"r*g*r"
156,1995,"r*g*r"
156,1996,"r*g*r"
156,1997,"r*g*r"
156,1998,"r*g*r"
156,1999,"r*g*r"
156,2000,"r*g*r"
156,2001,"r*g*r"
156,2002,"r*g*r"
156,2003,"r*g*r"
156,2004,"r*g*r"
156,2005,"r*g*r"
156,2006,"r*g*r"
156,2007,"r*g*r"
156,2008,"r*g*r"
156,2009,"r*g*r"
156,2010,"r*g*r"
156,2011,"r*g*r"
156,2012,"r*g*r"
156,2013,"r*g*c"
157,1989,"r*S*G"
157,1990,"r*g*r"
157,1991,"r*g*r"
157,1992,"r*g*r"
157,1993,"r*g*r"
157,1994,"r*g*r"
157,1995,"r*g*r"
157,1996,"r*g*r"
157,1997,"r*g*r"
157,1998,"r*g*r"
157,1999,"r*g*r"
157,2000,"r*g*r"
157,2001,"r*g*r"
157,2002,"r*g*r"
157,2003,"r*g*r"
157,2004,"r*g*r"
157,2005,"r*g*r"
157,2006,"r*g*r"
157,2007,"r*g*r"
157,2008,"r*g*r"
157,2009,"r*g*r"
157,2010,"r*g*r"
157,2011,"r*g*r"
157,2012,"r*g*r"
157,2013,"r*g*r"
158,1989,"r*S*G"
158,1990,"r*g*r"
158,1991,"r*g*r"
158,1992,"r*g*r"
158,1993,"r*g*r"
158,1994,"r*g*r"
158,1995,"r*g*r"
158,1996,"r*g*r"
158,1997,"r*g*r"
158,1998,"r*g*r"
158,1999,"r*g*r"
158,2000,"r*g*r"
158,2001,"r*g*r"
158,2002,"r*g*r"
158,2003,"r*g*r"
158,2004,"r*g*r"
158,2005,"r*g*r"
158,2006,"r*g*r"
158,2007,"r*g*r"
158,2008,"r*g*r"
158,2009,"r*g*r"
158,2010,"r*g*r"
158,2011,"r*g*r"
158,2012,"r*g*r"
158,2013,"r*g*r"
159,1989,"r*S*G"
159,1990,"r*g*r"
159,1991,"r*g*r"
159,1992,"r*g*r"
159,1993,"r*g*r"
159,1994,"r*g*r"
159,1995,"r*g*r"
159,1996,"r*g*r"
159,1997,"r*g*r"
159,1998,"r*g*r"
159,1999,"r*g*r"
159,2000,"r*g*r"
159,2001,"r*g*r"
159,2002,"r*g*r"
159,2003,"r*g*r"
159,2004,"r*g*r"
159,2005,"r*g*r"
159,2006,"r*g*r"
159,2007,"r*g*r"
159,2008,"r*g*r"
159,2009,"r*g*r"
159,2010,"r*g*r"
159,2011,"r*g*r"
159,2012,"r*g*r"
159,2013,"r*g*r"
161,1989,"r*S*G"
161,1990,"r*g*r"
161,1991,"r*g*r"
161,1992,"r*g*r"
161,1993,"r*g*r"
161,1994,"r*g*r"
161,1995,"r*g*r"
161,1996,"r*g*r"
161,1997,"r*g*r"
161,1998,"r*g*r"
161,1999,"r*g*r"
161,2000,"r*g*r"
161,2001,"r*g*r"
161,2002,"r*g*r"
161,2003,"r*g*r"
161,2004,"r*g*r"
161,2005,"r*g*r"
161,2006,"r*g*r"
161,2007,"r*g*r"
161,2008,"r*g*r"
161,2009,"r*g*r"
161,2010,"r*g*r"
161,2011,"r*g*r"
161,2012,"r*g*r"
161,2013,"r*g*c"
162,1989,"_*_**"
162,1990,"_*___"
162,1991,"_____"
162,1992,"_____"
162,1993,"_____"
162,1994,"_____"
162,1995,"_____"
162,1996,"_____"
162,1997,"_____"
162,1998,"_____"
162,1999,"_____"
162,2000,"_____"
162,2001,"_____"
162,2002,"_____"
162,2003,"_____"
162,2004,"_____"
162,2005,"_____"
162,2006,"_____"
162,2007,"_____"
162,2008,"_____"
162,2009,"_____"
162,2010,"_____"
162,2011,"_____"
162,2012,"_____"
162,2013,"_____"
163,1989,"_*_**"
163,1990,"_*___"
163,1991,"_____"
163,1992,"_____"
163,1993,"_____"
163,1994,"_____"
163,1995,"_____"
163,1996,"_____"
163,1997,"_____"
163,1998,"_____"
163,1999,"_____"
163,2000,"_____"
163,2001,"_____"
163,2002,"_____"
163,2003,"_____"
163,2004,"_____"
163,2005,"_____"
163,2006,"_____"
163,2007,"_____"
163,2008,"_____"
163,2009,"_____"
163,2010,"_____"
163,2011,"_____"
163,2012,"_____"
163,2013,"_____"
164,1989,"_*S*G"
164,1990,"_*g__"
164,1991,"__g__"
164,1992,"__g__"
164,1993,"__g__"
164,1994,"__g__"
164,1995,"__g__"
164,1996,"__g__"
164,1997,"__g__"
164,1998,"__g__"
164,1999,"__g__"
164,2000,"__g__"
164,2001,"__g__"
164,2002,"__g__"
164,2003,"__g__"
164,2004,"__g__"
164,2005,"__g__"
164,2006,"__g__"
164,2007,"__g__"
164,2008,"__g__"
164,2009,"__g__"
164,2010,"__g__"
164,2011,"__g__"
164,2012,"__g__"
164,2013,"__g__"
166,1989,"_*_**"
166,1990,"_*___"
166,1991,"_____"
166,1992,"_____"
166,1993,"_____"
166,1994,"_____"
166,1995,"_____"
166,1996,"_____"
166,1997,"_____"
166,1998,"_____"
166,1999,"_____"
166,2000,"_____"
166,2001,"_____"
166,2002,"____*"
166,2003,"____*"
166,2004,"____*"
166,2005,"____*"
166,2006,"_____"
166,2007,"_____"
166,2008,"_____"
166,2009,"_____"
166,2010,"_____"
166,2011,"_____"
166,2012,"_____"
166,2013,"_____"
167,1989,"_*_**"
167,1990,"_*___"
167,1991,"_____"
167,1992,"_____"
167,1993,"_____"
167,1994,"_____"
167,1995,"_____"
167,1996,"_____"
167,1997,"_____"
167,1998,"_____"
167,1999,"_____"
167,2000,"_____"
167,2001,"_____"
167,2002,"_____"
167,2003,"_____"
167,2004,"_____"
167,2005,"_____"
167,2006,"_____"
167,2007,"_____"
167,2008,"_____"
167,2009,"_____"
167,2010,"_____"
167,2011,"_____"
167,2012,"_____"
167,2013,"_____"
168,1989,"_*_**"
168,1990,"_*___"
168,1991,"_____"
168,1992,"_____"
168,1993,"_____"
168,1994,"_____"
168,1995,"_____"
168,1996,"_____"
168,1997,"_____"
168,1998,"_____"
168,1999,"_____"
168,2000,"_____"
168,2001,"_____"
168,2002,"_____"
168,2003,"_____"
168,2004,"_____"
168,2005,"_____"
168,2006,"_____"
168,2007,"_____"
168,2008,"_____"
168,2009,"_____"
168,2010,"_____"
168,2011,"_____"
168,2012,"_____"
168,2013,"_____"
169,1989,"r*S*G"
169,1990,"r*g*r"
169,1991,"r*g*r"
169,1992,"r*g*r"
169,1993,"r*g*r"
169,1994,"r*g*r"
169,1995,"r*g*r"
169,1996,"r*g*r"
169,1997,"r*g*r"
169,1998,"r*g*r"
169,1999,"r*g*r"
169,2000,"r*g*r"
169,2001,"r*g*r"
169,2002,"r*g*r"
169,2003,"r*g*r"
169,2004,"r*g*r"
169,2005,"r*g*r"
169,2006,"r*g*r"
169,2007,"r*g*r"
169,2008,"r*g*r"
169,2009,"r*g*r"
169,2010,"r*g*r"
169,2011,"r*g*r"
169,2012,"r*g*r"
169,2013,"r*g*r"
171,1989,"_*_**"
171,1990,"_*___"
171,1991,"_____"
171,1992,"_____"
171,1993,"_____"
171,1994,"_____"
171,1995,"_____"
171,1996,"_____"
171,1997,"_____"
171,1998,"_____"
171,1999,"_____"
171,2000,"_____"
171,2001,"_____"
171,2002,"_____"
171,2003,"_____"
171,2004,"_____"
171,2005,"_____"
171,2006,"_____"
171,2007,"_____"
171,2008,"_____"
171,2009,"_____"
171,2010,"_____"
171,2011,"_____"
171,2012,"_____"
171,2013,"_____"
172,1989,"_*_**"
172,1990,"_*__*"
172,1991,"____*"
172,1992,"____*"
172,1993,"____*"
172,1994,"____*"
172,1995,"____*"
172,1996,"____*"
172,1997,"____*"
172,1998,"____*"
172,1999,"____*"
172,2000,"____*"
172,2001,"____*"
172,2002,"____*"
172,2003,"____*"
172,2004,"____*"
172,2005,"____*"
172,2006,"____*"
172,2007,"____*"
172,2008,"____*"
172,2009,"____*"
172,2010,"____*"
172,2011,"____*"
172,2012,"____*"
172,2013,"____*"
173,1989,"_*_**"
173,1990,"_*___"
173,1991,"_____"
173,1992,"_____"
173,1993,"_____"
173,1994,"_____"
173,1995,"_____"
173,1996,"_____"
173,1997,"_____"
173,1998,"_____"
173,1999,"_____"
173,2000,"_____"
173,2001,"_____"
173,2002,"_____"
173,2003,"_____"
173,2004,"_____"
173,2005,"_____"
173,2006,"_____"
173,2007,"_____"
173,2008,"_____"
173,2009,"_____"
173,2010,"_____"
173,2011,"_____"
173,2012,"_____"
173,2013,"_____"
174,1989,"_*_**"
174,1990,"_*___"
174,1991,"_____"
174,1992,"_____"
174,1993,"_____"
174,1994,"_____"
174,1995,"_____"
174,1996,"_____"
174,1997,"_____"
174,1998,"_____"
174,1999,"_____"
174,2000,"_____"
174,2001,"_____"
174,2002,"_____"
174,2003,"_____"
174,2004,"_____"
174,2005,"_____"
174,2006,"_____"
174,2007,"_____"
174,2008,"_____"
174,2009,"_____"
174,2010,"_____"
174,2011,"_____"
174,2012,"_____"
174,2013,"_____"
175,1989,"_*_**"
175,1990,"_*___"
175,1991,"_____"
175,1992,"_____"
175,1993,"_____"
175,1994,"_____"
175,1995,"_____"
175,1996,"_____"
175,1997,"_____"
175,1998,"_____"
175,1999,"_____"
175,2000,"_____"
175,2001,"_____"
175,2002,"_____"
175,2003,"_____"
175,2004,"_____"
175,2005,"_____"
175,2006,"_____"
175,2007,"_____"
175,2008,"_____"
175,2009,"_____"
175,2010,"_____"
175,2011,"_____"
175,2012,"_____"
175,2013,"_____"
176,1989,"_*_**"
176,1990,"_*___"
176,1991,"_____"
176,1992,"_____"
176,1993,"_____"
176,1994,"_____"
176,1995,"_____"
176,1996,"_____"
176,1997,"_____"
176,1998,"_____"
176,1999,"_____"
176,2000,"_____"
176,2001,"_____"
176,2002,"_____"
176,2003,"_____"
176,2004,"_____"
176,2005,"_____"
176,2006,"_____"
176,2007,"_____"
176,2008,"_____"
176,2009,"_____"
176,2010,"_____"
176,2011,"_____"
176,2012,"_____"
176,2013,"_____"
177,1989,"_*_**"
177,1990,"_*___"
177,1991,"_____"
177,1992,"_____"
177,1993,"_____"
177,1994,"_____"
177,1995,"_____"
177,1996,"_____"
177,1997,"_____"
177,1998,"_____"
177,1999,"_____"
177,2000,"_____"
177,2001,"_____"
177,2002,"_____"
177,2003,"_____"
177,2004,"_____"
177,2005,"_____"
177,2006,"_____"
177,2007,"_____"
177,2008,"_____"
177,2009,"_____"
177,2010,"_____"
177,2011,"_____"
177,2012,"_____"
177,2013,"_____"
178,1989,"_*_**"
178,1990,"_*___"
178,1991,"_____"
178,1992,"_____"
178,1993,"_____"
178,1994,"_____"
178,1995,"_____"
178,1996,"_____"
178,1997,"_____"
178,1998,"_____"
178,1999,"_____"
178,2000,"_____"
178,2001,"_____"
178,2002,"_____"
178,2003,"_____"
178,2004,"_____"
178,2005,"_____"
178,2006,"_____"
178,2007,"_____"
178,2008,"_____"
178,2009,"_____"
178,2010,"_____"
178,2011,"_____"
178,2012,"_____"
178,2013,"_____"
179,1989,"_*_**"
179,1990,"_*___"
179,1991,"_____"
179,1992,"_____"
179,1993,"_____"
179,1994,"_____"
179,1995,"_____"
179,1996,"_____"
179,1997,"_____"
179,1998,"_____"
179,1999,"_____"
179,2000,"_____"
179,2001,"_____"
179,2002,"_____"
179,2003,"_____"
179,2004,"_____"
179,2005,"_____"
179,2006,"_____"
179,2007,"_____"
179,2008,"_____"
179,2009,"_____"
179,2010,"_____"
179,2011,"_____"
179,2012,"_____"
179,2013,"_____"
180,1989,"_*_**"
180,1990,"_*___"
180,1991,"_____"
180,1992,"_____"
180,1993,"_____"
180,1994,"_____"
180,1995,"_____"
180,1996,"_____"
180,1997,"_____"
180,1998,"_____"
180,1999,"_____"
180,2000,"_____"
180,2001,"_____"
180,2002,"_____"
180,2003,"_____"
180,2004,"_____"
180,2005,"_____"
180,2006,"_____"
180,2007,"_____"
180,2008,"_____"
180,2009,"_____"
180,2010,"_____"
180,2011,"_____"
180,2012,"_____"
180,2013,"_____"
181,1989,"_*_**"
181,1990,"_*___"
181,1991,"_____"
181,1992,"_____"
181,1993,"_____"
181,1994,"_____"
181,1995,"_____"
181,1996,"_____"
181,1997,"_____"
181,1998,"_____"
181,1999,"_____"
181,2000,"_____"
181,2001,"_____"
181,2002,"_____"
181,2003,"_____"
181,2004,"_____"
181,2005,"_____"
181,2006,"_____"
181,2007,"_____"
181,2008,"_____"
181,2009,"_____"
181,2010,"_____"
181,2011,"_____"
181,2012,"_____"
181,2013,"_____"
182,1989,"_*_**"
182,1990,"_*___"
182,1991,"_____"
182,1992,"_____"
182,1993,"_____"
182,1994,"_____"
182,1995,"_____"
182,1996,"_____"
182,1997,"_____"
182,1998,"_____"
182,1999,"_____"
182,2000,"_____"
182,2001,"_____"
182,2002,"_____"
182,2003,"_____"
182,2004,"_____"
182,2005,"_____"
182,2006,"_____"
182,2007,"_____"
182,2008,"_____"
182,2009,"_____"
182,2010,"_____"
182,2011,"_____"
182,2012,"_____"
182,2013,"_____"
183,1989,"_*_**"
183,1990,"_*___"
183,1991,"_____"
183,1992,"_____"
183,1993,"_____"
183,1994,"_____"
183,1995,"_____"
183,1996,"_____"
183,1997,"_____"
183,1998,"_____"
183,1999,"_____"
183,2000,"_____"
183,2001,"_____"
183,2002,"_____"
183,2003,"_____"
183,2004,"_____"
183,2005,"_____"
183,2006,"_____"
183,2007,"_____"
183,2008,"_____"
183,2009,"_____"
183,2010,"_____"
183,2011,"_____"
183,2012,"_____"
183,2013,"_____"
184,1989,"_*_**"
184,1990,"_*___"
184,1991,"_____"
184,1992,"_____"
184,1993,"_____"
184,1994,"_____"
184,1995,"_____"
184,1996,"_____"
184,1997,"_____"
184,1998,"_____"
184,1999,"_____"
184,2000,"_____"
184,2001,"_____"
184,2002,"_____"
184,2003,"_____"
184,2004,"_____"
184,2005,"_____"
184,2006,"_____"
184,2007,"_____"
184,2008,"_____"
184,2009,"_____"
184,2010,"_____"
184,2011,"_____"
184,2012,"_____"
184,2013,"_____"
185,1989,"r*S*G"
185,1990,"r*g*r"
185,1991,"r*g*r"
185,1992,"r*g*r"
185,1993,"r*g*r"
185,1994,"r*g*r"
185,1995,"r*g*r"
185,1996,"r*g*r"
185,1997,"r*g*r"
185,1998,"r*g*r"
185,1999,"r*g*r"
185,2000,"r*g*r"
185,2001,"r*g*r"
185,2002,"r*g*r"
185,2003,"r*g*r"
185,2004,"r*g*r"
185,2005,"r*g*r"
185,2006,"r*g*r"
185,2007,"r*g*r"
185,2008,"r*g*r"
185,2009,"r*g*r"
185,2010,"r*g*r"
185,2011,"r*g*r"
185,2012,"r*g*r"
185,2013,"r*g*c"
186,1989,"_*_**"
186,1990,"_*__*"
186,1991,"____*"
186,1992,"____*"
186,1993,"____*"
186,1994,"____*"
186,1995,"____*"
186,1996,"____*"
186,1997,"____*"
186,1998,"____*"
186,1999,"____*"
186,2000,"_____"
186,2001,"_____"
186,2002,"_____"
186,2003,"_____"
186,2004,"_____"
186,2005,"_____"
186,2006,"_____"
186,2007,"_____"
186,2008,"_____"
186,2009,"_____"
186,2010,"_____"
186,2011,"_____"
186,2012,"_____"
186,2013,"_____"
187,1989,"_*_**"
187,1990,"_*__*"
187,1991,"____*"
187,1992,"____*"
187,1993,"____*"
187,1994,"____*"
187,1995,"_____"
187,1996,"_____"
187,1997,"_____"
187,1998,"_____"
187,1999,"_____"
187,2000,"_____"
187,2001,"_____"
187,2002,"_____"
187,2003,"_____"
187,2004,"_____"
187,2005,"_____"
187,2006,"_____"
187,2007,"_____"
187,2008,"_____"
187,2009,"_____"
187,2010,"_____"
187,2011,"_____"
187,2012,"_____"
187,2013,"_____"
188,1989,"_*_**"
188,1990,"_*__*"
188,1991,"____*"
188,1992,"____*"
188,1993,"____*"
188,1994,"____*"
188,1995,"_____"
188,1996,"_____"
188,1997,"_____"
188,1998,"_____"
188,1999,"_____"
188,2000,"_____"
188,2001,"_____"
188,2002,"_____"
188,2003,"_____"
188,2004,"_____"
188,2005,"_____"
188,2006,"_____"
188,2007,"_____"
188,2008,"_____"
188,2009,"_____"
188,2010,"_____"
188,2011,"_____"
188,2012,"_____"
188,2013,"_____"
189,1989,"_*_**"
189,1990,"_*___"
189,1991,"_____"
189,1992,"_____"
189,1993,"_____"
189,1994,"_____"
189,1995,"_____"
189,1996,"_____"
189,1997,"_____"
189,1998,"_____"
189,1999,"_____"
189,2000,"_____"
189,2001,"_____"
189,2002,"_____"
189,2003,"_____"
189,2004,"_____"
189,2005,"_____"
189,2006,"_____"
189,2007,"_____"
189,2008,"_____"
189,2009,"_____"
189,2010,"_____"
189,2011,"_____"
189,2012,"_____"
189,2013,"_____"
190,1989,"_*_**"
190,1990,"_*__*"
190,1991,"____*"
190,1992,"____*"
190,1993,"____*"
190,1994,"_____"
190,1995,"_____"
190,1996,"_____"
190,1997,"_____"
190,1998,"_____"
190,1999,"_____"
190,2000,"_____"
190,2001,"_____"
190,2002,"_____"
190,2003,"_____"
190,2004,"_____"
190,2005,"_____"
190,2006,"_____"
190,2007,"_____"
190,2008,"_____"
190,2009,"_____"
190,2010,"_____"
190,2011,"_____"
190,2012,"_____"
190,2013,"_____"
191,1989,"_*_**"
191,1990,"_*___"
191,1991,"_____"
191,1992,"_____"
191,1993,"_____"
191,1994,"_____"
191,1995,"_____"
191,1996,"_____"
191,1997,"_____"
191,1998,"_____"
191,1999,"_____"
191,2000,"_____"
191,2001,"_____"
191,2002,"_____"
191,2003,"_____"
191,2004,"_____"
191,2005,"_____"
191,2006,"_____"
191,2007,"_____"
191,2008,"_____"
191,2009,"_____"
191,2010,"_____"
191,2011,"_____"
191,2012,"_____"
191,2013,"_____"
192,1989,"_*S*G"
192,1990,"_*g__"
192,1991,"__g__"
192,1992,"__g__"
192,1993,"__g__"
192,1994,"__g__"
192,1995,"__g__"
192,1996,"__g__"
192,1997,"__g__"
192,1998,"__g__"
192,1999,"__g__"
192,2000,"__g__"
192,2001,"__g__"
192,2002,"__g__"
192,2003,"__g__"
192,2004,"__g__"
192,2005,"__g__"
192,2006,"__g__"
192,2007,"__g__"
192,2008,"__g__"
192,2009,"__g__"
192,2010,"__g__"
192,2011,"__g__"
192,2012,"__g__"
192,2013,"__g__"
193,1989,"r*S*G"
193,1990,"r*g__"
193,1991,"r_g__"
193,1992,"r_g__"
193,1993,"r_g__"
193,1994,"r_g__"
193,1995,"r_g__"
193,1996,"r_g__"
193,1997,"r_g__"
193,1998,"r_g__"
193,1999,"r_g__"
193,2000,"r_g__"
193,2001,"r_g__"
193,2002,"r_g__"
193,2003,"r_g__"
193,2004,"r_g__"
193,2005,"r_g__"
193,2006,"r_g__"
193,2007,"r_g__"
193,2008,"r_g__"
193,2009,"r_g__"
193,2010,"r_g__"
193,2011,"r_g__"
193,2012,"r_g__"
193,2013,"r_g__"
194,1989,"_*_**"
194,1990,"_*___"
194,1991,"_____"
194,1992,"_____"
194,1993,"_____"
194,1994,"_____"
194,1995,"_____"
194,1996,"_____"
194,1997,"_____"
194,1998,"_____"
194,1999,"_____"
194,2000,"_____"
194,2001,"_____"
194,2002,"_____"
194,2003,"_____"
194,2004,"_____"
194,2005,"_____"
194,2006,"_____"
194,2007,"_____"
194,2008,"_____"
194,2009,"_____"
194,2010,"_____"
194,2011,"_____"
194,2012,"_____"
194,2013,"_____"
195,1989,"_*_**"
195,1990,"_*___"
195,1991,"_____"
195,1992,"_____"
195,1993,"_____"
195,1994,"_____"
195,1995,"_____"
195,1996,"_____"
195,1997,"_____"
195,1998,"_____"
195,1999,"_____"
195,2000,"_____"
195,2001,"_____"
195,2002,"_____"
195,2003,"_____"
195,2004,"_____"
195,2005,"_____"
195,2006,"_____"
195,2007,"_____"
195,2008,"_____"
195,2009,"_____"
195,2010,"_____"
195,2011,"_____"
195,2012,"_____"
195,2013,"_____"
196,1989,"_*_**"
196,1990,"_*___"
196,1991,"_____"
196,1992,"_____"
196,1993,"_____"
196,1994,"_____"
196,1995,"_____"
196,1996,"_____"
196,1997,"_____"
196,1998,"_____"
196,1999,"_____"
196,2000,"_____"
196,2001,"_____"
196,2002,"_____"
196,2003,"_____"
196,2004,"_____"
196,2005,"_____"
196,2006,"_____"
196,2007,"_____"
196,2008,"_____"
196,2009,"_____"
196,2010,"_____"
196,2011,"_____"
196,2012,"_____"
196,2013,"_____"
197,1989,"_*_**"
197,1990,"_*___"
197,1991,"_____"
197,1992,"_____"
197,1993,"_____"
197,1994,"_____"
197,1995,"_____"
197,1996,"_____"
197,1997,"_____"
197,1998,"_____"
197,1999,"_____"
197,2000,"_____"
197,2001,"_____"
197,2002,"_____"
197,2003,"_____"
197,2004,"_____"
197,2005,"_____"
197,2006,"_____"
197,2007,"_____"
197,2008,"_____"
197,2009,"_____"
197,2010,"_____"
197,2011,"_____"
197,2012,"_____"
197,2013,"_____"
198,1989,"_*_**"
198,1990,"_*___"
198,1991,"_____"
198,1992,"_____"
198,1993,"_____"
198,1994,"_____"
198,1995,"_____"
198,1996,"_____"
198,1997,"_____"
198,1998,"_____"
198,1999,"_____"
198,2000,"_____"
198,2001,"_____"
198,2002,"_____"
198,2003,"_____"
198,2004,"_____"
198,2005,"_____"
198,2006,"_____"
198,2007,"_____"
198,2008,"_____"
198,2009,"_____"
198,2010,"_____"
198,2011,"_____"
198,2012,"_____"
198,2013,"_____"
199,1989,"_*S*G"
199,1990,"_*g__"
199,1991,"__g__"
199,1992,"__g__"
199,1993,"__g__"
199,1994,"__g__"
199,1995,"__g__"
199,1996,"__g__"
199,1997,"__g__"
199,1998,"__g__"
199,1999,"__g__"
199,2000,"__g__"
199,2001,"__g__"
199,2002,"__g__"
199,2003,"__g__"
199,2004,"__g__"
199,2005,"__g__"
199,2006,"__g__"
199,2007,"__g__"
199,2008,"__g__"
199,2009,"__g__"
199,2010,"__g__"
199,2011,"__g__"
199,2012,"__g__"
199,2013,"__g__"
200,1989,"_*_**"
200,1990,"_*___"
200,1991,"_____"
200,1992,"_____"
200,1993,"_____"
200,1994,"_____"
200,1995,"_____"
200,1996,"_____"
200,1997,"_____"
200,1998,"_____"
200,1999,"_____"
200,2000,"_____"
200,2001,"_____"
200,2002,"_____"
200,2003,"_____"
200,2004,"_____"
200,2005,"_____"
200,2006,"_____"
200,2007,"_____"
200,2008,"_____"
200,2009,"_____"
200,2010,"_____"
200,2011,"_____"
200,2012,"_____"
200,2013,"_____"
202,1989,"_*_**"
202,1990,"_*___"
202,1991,"_____"
202,1992,"_____"
202,1993,"_____"
202,1994,"_____"
202,1995,"_____"
202,1996,"_____"
202,1997,"_____"
202,1998,"_____"
202,1999,"_____"
202,2000,"_____"
202,2001,"_____"
202,2002,"_____"
202,2003,"_____"
202,2004,"_____"
202,2005,"_____"
202,2006,"_____"
202,2007,"_____"
202,2008,"_____"
202,2009,"_____"
202,2010,"_____"
202,2011,"_____"
202,2012,"_____"
202,2013,"_____"
203,1989,"_*_**"
203,1990,"_*___"
203,1991,"_____"
203,1992,"_____"
203,1993,"_____"
203,1994,"_____"
203,1995,"_____"
203,1996,"_____"
203,1997,"_____"
203,1998,"_____"
203,1999,"_____"
203,2000,"_____"
203,2001,"_____"
203,2002,"_____"
203,2003,"_____"
203,2004,"_____"
203,2005,"_____"
203,2006,"_____"
203,2007,"_____"
203,2008,"_____"
203,2009,"_____"
203,2010,"_____"
203,2011,"_____"
203,2012,"_____"
203,2013,"_____"
204,1989,"_*_**"
204,1990,"_*___"
204,1991,"_____"
204,1992,"_____"
204,1993,"_____"
204,1994,"_____"
204,1995,"_____"
204,1996,"_____"
204,1997,"_____"
204,1998,"_____"
204,1999,"_____"
204,2000,"_____"
204,2001,"_____"
204,2002,"_____"
204,2003,"_____"
204,2004,"_____"
204,2005,"_____"
204,2006,"_____"
204,2007,"_____"
204,2008,"_____"
204,2009,"_____"
204,2010,"_____"
204,2011,"_____"
204,2012,"_____"
204,2013,"_____"
205,1989,"_*_**"
205,1990,"_*__*"
205,1991,"____*"
205,1992,"____*"
205,1993,"____*"
205,1994,"____*"
205,1995,"____*"
205,1996,"____*"
205,1997,"____*"
205,1998,"____*"
205,1999,"____*"
205,2000,"____*"
205,2001,"____*"
205,2002,"____*"
205,2003,"____*"
205,2004,"____*"
205,2005,"____*"
205,2006,"____*"
205,2007,"____*"
205,2008,"____*"
205,2009,"____*"
205,2010,"____*"
205,2011,"____*"
205,2012,"____*"
205,2013,"____*"
206,1989,"_*_**"
206,1990,"_*___"
206,1991,"_____"
206,1992,"_____"
206,1993,"_____"
206,1994,"_____"
206,1995,"_____"
206,1996,"_____"
206,1997,"_____"
206,1998,"_____"
206,1999,"_____"
206,2000,"_____"
206,2001,"_____"
206,2002,"_____"
206,2003,"_____"
206,2004,"_____"
206,2005,"_____"
206,2006,"_____"
206,2007,"_____"
206,2008,"_____"
206,2009,"_____"
206,2010,"_____"
206,2011,"_____"
206,2012,"_____"
206,2013,"_____"
207,1989,"_*_**"
207,1990,"_*___"
207,1991,"_____"
207,1992,"_____"
207,1993,"_____"
207,1994,"_____"
207,1995,"_____"
207,1996,"_____"
207,1997,"_____"
207,1998,"_____"
207,1999,"_____"
207,2000,"_____"
207,2001,"_____"
207,2002,"_____"
207,2003,"_____"
207,2004,"_____"
207,2005,"_____"
207,2006,"_____"
207,2007,"_____"
207,2008,"_____"
207,2009,"_____"
207,2010,"_____"
207,2011,"_____"
207,2012,"_____"
207,2013,"_____"
208,1989,"_*_**"
208,1990,"_*___"
208,1991,"_____"
208,1992,"_____"
208,1993,"_____"
208,1994,"_____"
208,1995,"_____"
208,1996,"_____"
208,1997,"_____"
208,1998,"_____"
208,1999,"_____"
208,2000,"_____"
208,2001,"_____"
208,2002,"_____"
208,2003,"_____"
208,2004,"_____"
208,2005,"_____"
208,2006,"_____"
208,2007,"_____"
208,2008,"_____"
208,2009,"_____"
208,2010,"_____"
208,2011,"_____"
208,2012,"_____"
208,2013,"_____"
209,1989,"_*_**"
209,1990,"_*___"
209,1991,"_____"
209,1992,"_____"
209,1993,"_____"
209,1994,"_____"
209,1995,"_____"
209,1996,"_____"
209,1997,"_____"
209,1998,"_____"
209,1999,"_____"
209,2000,"_____"
209,2001,"_____"
209,2002,"_____"
209,2003,"_____"
209,2004,"_____"
209,2005,"_____"
209,2006,"_____"
209,2007,"_____"
209,2008,"_____"
209,2009,"_____"
209,2010,"_____"
209,2011,"_____"
209,2012,"_____"
209,2013,"_____"
210,1989,"_*_**"
210,1990,"_*___"
210,1991,"_____"
210,1992,"_____"
210,1993,"_____"
210,1994,"_____"
210,1995,"_____"
210,1996,"_____"
210,1997,"_____"
210,1998,"_____"
210,1999,"_____"
210,2000,"_____"
210,2001,"_____"
210,2002,"_____"
210,2003,"_____"
210,2004,"_____"
210,2005,"_____"
210,2006,"_____"
210,2007,"_____"
210,2008,"_____"
210,2009,"_____"
210,2010,"_____"
210,2011,"_____"
210,2012,"_____"
210,2013,"_____"
212,1989,"_*S*G"
212,1990,"_*g*_"
212,1991,"_*g*_"
212,1992,"_*g*_"
212,1993,"_*g*_"
212,1994,"_*g*_"
212,1995,"_*g*_"
212,1996,"_*g*_"
212,1997,"_*g*_"
212,1998,"_*g*_"
212,1999,"_*g*_"
212,2000,"_*g*_"
212,2001,"_*g*_"
212,2002,"_*g*_"
212,2003,"_*g*_"
212,2004,"_*g*_"
212,2005,"_*g*_"
212,2006,"_*g*_"
212,2007,"_*g*_"
212,2008,"_*g*_"
212,2009,"_*g*_"
212,2010,"_*g*_"
212,2011,"_*g*_"
212,2012,"_*g*_"
212,2013,"_*g*_"
213,1989,"EUSLG"
213,1990,"EUSLG"
213,1991,"EUSLG"
213,1992,"EUSLG"
213,1993,"EUSLG"
213,1994,"EUSLG"
213,1995,"EUSLG"
213,1996,"EUSLG"
213,1997,"EUSLG"
213,1998,"EUSLG"
213,1999,"EUSLG"
213,2000,"EUSLG"
213,2001,"EUSLG"
213,2002,"EUSLG"
213,2003,"EUSLG"
213,2004,"EUSLG"
213,2005,"EUSLG"
213,2006,"EUSLG"
213,2007,"EUSLG"
213,2008,"EUSLG"
213,2009,"EUSLG"
213,2010,"EUSLG"
213,2011,"EUSLG"
213,2012,"EUSLG"
213,2013,"EUSLG"
214,1989,"_*_**"
214,1990,"_*___"
214,1991,"_____"
214,1992,"_____"
214,1993,"_____"
214,1994,"_____"
214,1995,"_____"
214,1996,"_____"
214,1997,"_____"
214,1998,"_____"
214,1999,"_____"
214,2000,"_____"
214,2001,"_____"
214,2002,"_____"
214,2003,"_____"
214,2004,"_____"
214,2005,"_____"
214,2006,"_____"
214,2007,"_____"
214,2008,"_____"
214,2009,"_____"
214,2010,"_____"
214,2011,"_____"
214,2012,"_____"
214,2013,"_____"
215,1989,"_*_**"
215,1990,"_*___"
215,1991,"_____"
215,1992,"_____"
215,1993,"_____"
215,1994,"_____"
215,1995,"_____"
215,1996,"_____"
215,1997,"_____"
215,1998,"_____"
215,1999,"_____"
215,2000,"_____"
215,2001,"_____"
215,2002,"_____"
215,2003,"_____"
215,2004,"_____"
215,2005,"_____"
215,2006,"_____"
215,2007,"_____"
215,2008,"_____"
215,2009,"_____"
215,2010,"_____"
215,2011,"_____"
215,2012,"_____"
215,2013,"_____"
216,1989,"_*_**"
216,1990,"_*___"
216,1991,"_____"
216,1992,"_____"
216,1993,"_____"
216,1994,"_____"
216,1995,"_____"
216,1996,"_____"
216,1997,"_____"
216,1998,"_____"
216,1999,"_____"
216,2000,"_____"
216,2001,"_____"
216,2002,"_____"
216,2003,"_____"
216,2004,"_____"
216,2005,"_____"
216,2006,"_____"
216,2007,"_____"
216,2008,"_____"
216,2009,"_____"
216,2010,"_____"
216,2011,"_____"
216,2012,"_____"
216,2013,"_____"
218,1989,"_*_**"
218,1990,"_*___"
218,1991,"_____"
218,1992,"_____"
218,1993,"_____"
218,1994,"_____"
218,1995,"_____"
218,1996,"_____"
218,1997,"_____"
218,1998,"_____"
218,1999,"_____"
218,2000,"_____"
218,2001,"_____"
218,2002,"_____"
218,2003,"_____"
218,2004,"_____"
218,2005,"_____"
218,2006,"_____"
218,2007,"_____"
218,2008,"_____"
218,2009,"_____"
218,2010,"_____"
218,2011,"_____"
218,2012,"_____"
218,2013,"_____"
219,1989,"r*S*G"
219,1990,"r*g*r"
219,1991,"r*g*r"
219,1992,"r*g*r"
219,1993,"r*g*r"
219,1994,"r*g*r"
219,1995,"r*g*r"
219,1996,"r*g*r"
219,1997,"r*g*r"
219,1998,"r*g*r"
219,1999,"r*g*r"
219,2000,"r*g*r"
219,2001,"r*g*r"
219,2002,"r*g*r"
219,2003,"r*g*r"
219,2004,"r*g*r"
219,2005,"r*g*r"
219,2006,"r*g*r"
219,2007,"r*g*r"
219,2008,"r*g*r"
219,2009,"r*g*r"
219,2010,"r*g*r"
219,2011,"r*g*r"
219,2012,"r*g*r"
219,2013,"r*g*c"
220,1989,"r*S*G"
220,1990,"r*g*r"
220,1991,"r*g*r"
220,1992,"r*g*r"
220,1993,"r*g*r"
220,1994,"r*g*r"
220,1995,"r*g*r"
220,1996,"r*g*r"
220,1997,"r*g*r"
220,1998,"r*g*r"
220,1999,"r*g*r"
220,2000,"r*g*r"
220,2001,"r*g*r"
220,2002,"r*g*r"
220,2003,"r*g*r"
220,2004,"r*g*r"
220,2005,"r*g*r"
220,2006,"r*g*r"
220,2007,"r*g*r"
220,2008,"r*g*r"
220,2009,"r*g*r"
220,2010,"r*g*r"
220,2011,"r*g*r"
220,2012,"r*g*r"
220,2013,"r*g*c"
221,1989,"r*S*G"
221,1990,"r*g*r"
221,1991,"r*g*r"
221,1992,"r*g*r"
221,1993,"r*g*r"
221,1994,"r*g*r"
221,1995,"r*g*r"
221,1996,"r*g*r"
221,1997,"r*g*r"
221,1998,"r*g*r"
221,1999,"r*g*r"
221,2000,"r*g*r"
221,2001,"r*g*r"
221,2002,"r*g*r"
221,2003,"r*g*r"
221,2004,"r*g*r"
221,2005,"r*g*r"
221,2006,"r*g*r"
221,2007,"r*g*r"
221,2008,"r*g*r"
221,2009,"r*g*r"
221,2010,"r*g*r"
221,2011,"r*g*r"
221,2012,"r*g*r"
221,2013,"r*g*c"
222,1989,"_*_**"
222,1990,"_*___"
222,1991,"_____"
222,1992,"_____"
222,1993,"_____"
222,1994,"_____"
222,1995,"_____"
222,1996,"_____"
222,1997,"_____"
222,1998,"_____"
222,1999,"_____"
222,2000,"_____"
222,2001,"_____"
222,2002,"_____"
222,2003,"_____"
222,2004,"_____"
222,2005,"_____"
222,2006,"_____"
222,2007,"_____"
222,2008,"_____"
222,2009,"_____"
222,2010,"_____"
222,2011,"_____"
222,2012,"_____"
222,2013,"_____"
223,1989,"_*_**"
223,1990,"_*___"
223,1991,"_____"
223,1992,"_____"
223,1993,"_____"
223,1994,"_____"
223,1995,"_____"
223,1996,"_____"
223,1997,"_____"
223,1998,"_____"
223,1999,"_____"
223,2000,"_____"
223,2001,"_____"
223,2002,"_____"
223,2003,"_____"
223,2004,"_____"
223,2005,"_____"
223,2006,"_____"
223,2007,"_____"
223,2008,"_____"
223,2009,"_____"
223,2010,"_____"
223,2011,"_____"
223,2012,"_____"
223,2013,"_____"
224,1989,"_*_**"
224,1990,"_*___"
224,1991,"_____"
224,1992,"_____"
224,1993,"_____"
224,1994,"_____"
224,1995,"_____"
224,1996,"_____"
224,1997,"_____"
224,1998,"_____"
224,1999,"_____"
224,2000,"_____"
224,2001,"_____"
224,2002,"_____"
224,2003,"_____"
224,2004,"_____"
224,2005,"_____"
224,2006,"_____"
224,2007,"_____"
224,2008,"_____"
224,2009,"_____"
224,2010,"_____"
224,2011,"_____"
224,2012,"_____"
224,2013,"_____"
227,1989,"r*S*G"
227,1990,"r*g*r"
227,1991,"r*g*r"
227,1992,"r*g*r"
227,1993,"r*g*r"
227,1994,"r*g*r"
227,1995,"r*g*r"
227,1996,"r*g*r"
227,1997,"r*g*r"
227,1998,"r*g*r"
227,1999,"r*g*r"
227,2000,"r*g*r"
227,2001,"r*g*r"
227,2002,"r*g*r"
227,2003,"r*g*r"
227,2004,"r*g*r"
227,2005,"r*g*r"
227,2006,"r*g*r"
227,2007,"r*g*r"
227,2008,"r*g*r"
227,2009,"r*g*r"
227,2010,"r*g*r"
227,2011,"r*g*r"
227,2012,"r*g*r"
227,2013,"r*g*c"
228,1989,"r*S*G"
228,1990,"r*g*r"
228,1991,"r*g*r"
228,1992,"r*g*r"
228,1993,"r*g*r"
228,1994,"r*g*r"
228,1995,"r*g*r"
228,1996,"r*g*r"
228,1997,"r*g*r"
228,1998,"r*g*r"
228,1999,"r*g*r"
228,2000,"r*g*r"
228,2001,"r*g*r"
228,2002,"r*g*r"
228,2003,"r*g*r"
228,2004,"r*g*r"
228,2005,"r*g*r"
228,2006,"r*g*r"
228,2007,"r*g*r"
228,2008,"r*g*r"
228,2009,"r*g*r"
228,2010,"r*g*r"
228,2011,"r*g*r"
228,2012,"r*g*r"
228,2013,"r*g*c"
231,1989,"r*S*G"
231,1990,"r*g_r"
231,1991,"r_g_r"
231,1992,"r_g_r"
231,1993,"r_g_r"
231,1994,"r_g_r"
231,1995,"r_g_r"
231,1996,"r_g_r"
231,1997,"r_g_r"
231,1998,"r_g_r"
231,1999,"r_g_r"
231,2000,"r_g__"
231,2001,"r_g__"
231,2002,"r_g__"
231,2003,"r_g__"
231,2004,"r_g__"
231,2005,"r_g__"
231,2006,"r_g__"
231,2007,"r_g__"
231,2008,"r_g__"
231,2009,"r_g__"
231,2010,"r_g__"
231,2011,"r_g__"
231,2012,"r_g__"
231,2013,"r_g_c"
232,1989,"r*S*G"
232,1990,"r*g_r"
232,1991,"r_g_r"
232,1992,"r_g_r"
232,1993,"r_g_r"
232,1994,"r_g__"
232,1995,"r_g__"
232,1996,"r_g__"
232,1997,"r_g__"
232,1998,"r_g__"
232,1999,"r_g__"
232,2000,"r_g__"
232,2001,"r_g__"
232,2002,"r_g__"
232,2003,"r_g__"
232,2004,"r_g__"
232,2005,"r_g__"
232,2006,"r_g__"
232,2007,"r_g__"
232,2008,"r_g__"
232,2009,"r_g__"
232,2010,"r_g__"
232,2011,"r_g__"
232,2012,"r_g__"
232,2013,"r_g__"
237,1989,"r*S*G"
237,1990,"r*g*r"
237,1991,"r*g*r"
237,1992,"r*g*r"
237,1993,"r*g*r"
237,1994,"r*g*r"
237,1995,"r*g*r"
237,1996,"r*g*r"
237,1997,"r*g*r"
237,1998,"r*g*r"
237,1999,"r*g*r"
237,2000,"r*g*r"
237,2001,"r*g*r"
237,2002,"r*g*r"
237,2003,"r*g*r"
237,2004,"r*g*r"
237,2005,"r*g*r"
237,2006,"r*g*r"
237,2007,"r*g*r"
237,2008,"r*g*r"
237,2009,"r*g*r"
237,2010,"r*g*r"
237,2011,"r*g*r"
237,2012,"r*g*r"
237,2013,"r*g*r"
244,1989,"r*S*G"
244,1990,"r*g*r"
244,1991,"r*g*r"
244,1992,"r*g*r"
244,1993,"r*g*r"
244,1994,"r*g*r"
244,1995,"r*g*r"
244,1996,"r*g*r"
244,1997,"r*g*r"
244,1998,"r*g*r"
244,1999,"r*g*r"
244,2000,"r*g*r"
244,2001,"r*g*r"
244,2002,"r*g*r"
244,2003,"r*g*r"
244,2004,"r*g*r"
244,2005,"r*g*r"
244,2006,"r*g*r"
244,2007,"r*g*r"
244,2008,"r*g*r"
244,2009,"r*g*r"
244,2010,"r*g*r"
244,2011,"r*g*r"
244,2012,"r*g*r"
244,2013,"r*g*c"
245,1989,"r*S*G"
245,1990,"r*g*r"
245,1991,"r*g*r"
245,1992,"r*g*r"
245,1993,"r*g*r"
245,1994,"r*g*r"
245,1995,"r*g*r"
245,1996,"r*g*r"
245,1997,"r*g*r"
245,1998,"r*g*r"
245,1999,"r*g*r"
245,2000,"r*g*r"
245,2001,"r*g*r"
245,2002,"r*g*r"
245,2003,"r*g*r"
245,2004,"r*g*r"
245,2005,"r*g*r"
245,2006,"r*g*r"
245,2007,"r*g*r"
245,2008,"r*g*r"
245,2009,"r*g*r"
245,2010,"r*g*r"
245,2011,"r*g*r"
245,2012,"r*g*r"
245,2013,"r*g*r"
247,1989,"_*S*G"
247,1990,"_*g__"
247,1991,"__g__"
247,1992,"__g__"
247,1993,"__g__"
247,1994,"__g__"
247,1995,"__g__"
247,1996,"__g__"
247,1997,"__g__"
247,1998,"__g__"
247,1999,"__g__"
247,2000,"__g__"
247,2001,"__g__"
247,2002,"__g__"
247,2003,"__g__"
247,2004,"__g__"
247,2005,"__g__"
247,2006,"__g__"
247,2007,"__g__"
247,2008,"__g__"
247,2009,"__g__"
247,2010,"__g__"
247,2011,"__g__"
247,2012,"__g__"
247,2013,"__g__"
248,1989,"r*S*G"
248,1990,"r*g*r"
248,1991,"r*g*r"
248,1992,"r*g*r"
248,1993,"r*g*r"
248,1994,"r*g*r"
248,1995,"r*g*r"
248,1996,"r*g*r"
248,1997,"r*g*r"
248,1998,"r*g*r"
248,1999,"r*g*r"
248,2000,"r*g*r"
248,2001,"r*g*r"
248,2002,"r*g*r"
248,2003,"r*g*r"
248,2004,"r*g*r"
248,2005,"r*g*r"
248,2006,"r*g*r"
248,2007,"r*g*r"
248,2008,"r*g*r"
248,2009,"r*g*r"
248,2010,"r*g*r"
248,2011,"r*g*r"
248,2012,"r*g*r"
248,2013,"r*g*r"
249,1989,"r*S*G"
249,1990,"r*g*r"
249,1991,"r*g*r"
249,1992,"r*g*r"
249,1993,"r*g*r"
249,1994,"r*g*r"
249,1995,"r*g*r"
249,1996,"r*g*r"
249,1997,"r*g*r"
249,1998,"r*g*r"
249,1999,"r*g*r"
249,2000,"r*g*r"
249,2001,"r*g*r"
249,2002,"r*g*r"
249,2003,"r*g*r"
249,2004,"r*g*r"
249,2005,"r*g*r"
249,2006,"r*g*r"
249,2007,"r*g*r"
249,2008,"r*g*r"
249,2009,"r*g*r"
249,2010,"r*g*r"
249,2011,"r*g*r"
249,2012,"r*g*r"
249,2013,"r*g*r"
250,1989,"_*S*G"
250,1990,"_*g*r"
250,1991,"_*g*r"
250,1992,"_*g*r"
250,1993,"_*g*r"
250,1994,"_*g*r"
250,1995,"_*g*r"
250,1996,"_*g*r"
250,1997,"_*g*r"
250,1998,"_*g*r"
250,1999,"_*g*r"
250,2000,"_*g*r"
250,2001,"_*g*r"
250,2002,"_*g*r"
250,2003,"_*g*r"
250,2004,"_*g*r"
250,2005,"_*g*r"
250,2006,"_*g*r"
250,2007,"_*g*r"
250,2008,"_*g*r"
250,2009,"_*g*r"
250,2010,"_*g*r"
250,2011,"_*g*_"
250,2012,"_*g*r"
250,2013,"_*g*c"
