"rgn_id","taxa_code","year","tonnes"
7,"Elkhorn sea moss_1",2002,5.94
7,"Elkhorn sea moss_1",2003,396
7,"Elkhorn sea moss_1",2004,1694.088
7,"Elkhorn sea moss_1",2005,2582.712
7,"Elkhorn sea moss_1",2006,1340.064
7,"Elkhorn sea moss_1",2007,856.944
7,"Elkhorn sea moss_1",2008,1147.608
7,"Elkhorn sea moss_1",2009,3988.512
7,"Elkhorn sea moss_1",2010,7032.96
7,"Elkhorn sea moss_1",2011,7145.424
7,"Elkhorn sea moss_1",2012,6920.496
7,"Elkhorn sea moss_1",2013,11693.88
7,"Elkhorn sea moss_1",2014,12040.776
7,"Elkhorn sea moss_1",2015,12078
7,"Elkhorn sea moss_1",2016,10474.2
7,"Elkhorn sea moss_1",2017,4732.2
7,"Elkhorn sea moss_1",2018,5464.8
9,"Eucheuma seaweeds nei_2",1985,76.5
9,"Eucheuma seaweeds nei_2",1986,0.9
9,"Eucheuma seaweeds nei_2",1987,0.9
9,"Eucheuma seaweeds nei_2",1988,0.9
9,"Eucheuma seaweeds nei_2",1989,0.9
9,"Eucheuma seaweeds nei_2",1990,0
9,"Eucheuma seaweeds nei_2",1991,0
9,"Eucheuma seaweeds nei_2",1992,0
9,"Eucheuma seaweeds nei_2",1993,0
9,"Eucheuma seaweeds nei_2",1994,0
9,"Eucheuma seaweeds nei_2",1995,0
9,"Eucheuma seaweeds nei_2",1996,0
9,"Eucheuma seaweeds nei_2",1997,0
9,"Eucheuma seaweeds nei_2",1998,0
9,"Eucheuma seaweeds nei_2",1999,0
9,"Eucheuma seaweeds nei_2",2000,0
9,"Eucheuma seaweeds nei_2",2001,0
9,"Eucheuma seaweeds nei_2",2002,0
9,"Eucheuma seaweeds nei_2",2003,0
9,"Eucheuma seaweeds nei_2",2004,0
9,"Eucheuma seaweeds nei_2",2005,0
9,"Eucheuma seaweeds nei_2",2006,0
9,"Eucheuma seaweeds nei_2",2007,0
9,"Eucheuma seaweeds nei_2",2008,0
9,"Eucheuma seaweeds nei_2",2009,0
9,"Eucheuma seaweeds nei_2",2010,0
9,"Eucheuma seaweeds nei_2",2011,0
9,"Eucheuma seaweeds nei_2",2012,0
9,"Eucheuma seaweeds nei_2",2013,0
9,"Eucheuma seaweeds nei_2",2014,0
9,"Eucheuma seaweeds nei_2",2015,0
9,"Eucheuma seaweeds nei_2",2016,0
9,"Eucheuma seaweeds nei_2",2017,0
9,"Eucheuma seaweeds nei_2",2018,0
14,"Laver (Nori)_3",1982,0.13
14,"Laver (Nori)_3",1983,0
14,"Laver (Nori)_3",1984,0.65
14,"Laver (Nori)_3",1985,0.62
14,"Laver (Nori)_3",1986,0.67
14,"Laver (Nori)_3",1987,0.44
14,"Laver (Nori)_3",1988,0.51
14,"Laver (Nori)_3",1989,0.5
14,"Laver (Nori)_3",1990,0.23
14,"Laver (Nori)_3",1991,0.21
14,"Laver (Nori)_3",1992,0.16
14,"Laver (Nori)_3",1993,0.06
14,"Laver (Nori)_3",1994,0.12
14,"Laver (Nori)_3",1995,0.07
14,"Laver (Nori)_3",1996,0.09
14,"Laver (Nori)_3",1997,0.06
14,"Laver (Nori)_3",1998,0.04
14,"Laver (Nori)_3",1999,0.03
14,"Laver (Nori)_3",2000,0.19
14,"Laver (Nori)_3",2001,0.17
14,"Laver (Nori)_3",2002,0.24
14,"Laver (Nori)_3",2003,0.24
14,"Laver (Nori)_3",2004,0.07
14,"Laver (Nori)_3",2005,0.06
14,"Laver (Nori)_3",2006,0.05
14,"Laver (Nori)_3",2007,0.08
14,"Laver (Nori)_3",2008,0.18
14,"Laver (Nori)_3",2009,0
14,"Laver (Nori)_3",2010,0
14,"Laver (Nori)_3",2011,0.175
14,"Laver (Nori)_3",2012,0.18
14,"Laver (Nori)_3",2013,0.24
14,"Laver (Nori)_3",2014,0.22
14,"Laver (Nori)_3",2015,0.07
14,"Laver (Nori)_3",2016,0.18
14,"Laver (Nori)_3",2017,2.5
14,"Laver (Nori)_3",2018,0.03
14,"Seaweeds nei_4",1968,4.05
14,"Seaweeds nei_4",1969,0.15
14,"Seaweeds nei_4",1970,0.15
14,"Seaweeds nei_4",1971,0.3
14,"Seaweeds nei_4",1972,0
14,"Seaweeds nei_4",1973,40.35
14,"Seaweeds nei_4",1974,56.4
14,"Seaweeds nei_4",1975,145.65
14,"Seaweeds nei_4",1976,102
14,"Seaweeds nei_4",1977,76.8
14,"Seaweeds nei_4",1978,41.85
14,"Seaweeds nei_4",1979,19.8
14,"Seaweeds nei_4",1980,8.85
14,"Seaweeds nei_4",1981,5.85
14,"Seaweeds nei_4",1982,0.75
14,"Seaweeds nei_4",1983,15.45
14,"Seaweeds nei_4",1984,0.75
14,"Seaweeds nei_4",1985,0
14,"Seaweeds nei_4",1986,0.3
14,"Seaweeds nei_4",1987,7.8
14,"Seaweeds nei_4",1988,2.7
14,"Seaweeds nei_4",1989,0
14,"Seaweeds nei_4",1990,0.15
14,"Seaweeds nei_4",1991,0.3
14,"Seaweeds nei_4",1992,0
14,"Seaweeds nei_4",1993,0
14,"Seaweeds nei_4",1994,0
14,"Seaweeds nei_4",1995,0
14,"Seaweeds nei_4",1996,0
14,"Seaweeds nei_4",1997,0
14,"Seaweeds nei_4",1998,0
14,"Seaweeds nei_4",1999,0
14,"Seaweeds nei_4",2000,0
14,"Seaweeds nei_4",2001,0
14,"Seaweeds nei_4",2002,0
14,"Seaweeds nei_4",2003,0
14,"Seaweeds nei_4",2004,0
14,"Seaweeds nei_4",2005,0.3
14,"Seaweeds nei_4",2006,0
14,"Seaweeds nei_4",2007,0
14,"Seaweeds nei_4",2008,0
14,"Seaweeds nei_4",2009,0
14,"Seaweeds nei_4",2010,0
14,"Seaweeds nei_4",2011,0
14,"Seaweeds nei_4",2012,0
14,"Seaweeds nei_4",2013,0
14,"Seaweeds nei_4",2014,0
14,"Seaweeds nei_4",2015,0
14,"Seaweeds nei_4",2016,0
14,"Seaweeds nei_4",2017,0
14,"Seaweeds nei_4",2018,0
14,"Warty gracilaria_5",1954,95
14,"Warty gracilaria_5",1955,95
14,"Warty gracilaria_5",1956,95
14,"Warty gracilaria_5",1957,95
14,"Warty gracilaria_5",1958,95
14,"Warty gracilaria_5",1959,95
14,"Warty gracilaria_5",1960,95
14,"Warty gracilaria_5",1961,104.5
14,"Warty gracilaria_5",1962,100.7
14,"Warty gracilaria_5",1963,98.8
14,"Warty gracilaria_5",1964,72.2
14,"Warty gracilaria_5",1965,76
14,"Warty gracilaria_5",1966,563.35
14,"Warty gracilaria_5",1967,995.6
14,"Warty gracilaria_5",1968,2375
14,"Warty gracilaria_5",1969,1663.45
14,"Warty gracilaria_5",1970,1468.7
14,"Warty gracilaria_5",1971,1819.25
14,"Warty gracilaria_5",1972,3082.75
14,"Warty gracilaria_5",1973,4794.65
14,"Warty gracilaria_5",1974,5672.45
14,"Warty gracilaria_5",1975,5360.85
14,"Warty gracilaria_5",1976,6495.15
14,"Warty gracilaria_5",1977,6463.8
14,"Warty gracilaria_5",1978,11305.95
14,"Warty gracilaria_5",1979,10490.85
14,"Warty gracilaria_5",1980,9139.95
14,"Warty gracilaria_5",1981,10137.45
14,"Warty gracilaria_5",1982,9213.1
14,"Warty gracilaria_5",1983,9516.15
14,"Warty gracilaria_5",1984,9529.45
14,"Warty gracilaria_6",1984,52.25
14,"Warty gracilaria_5",1985,9473.4
14,"Warty gracilaria_6",1985,50.35
14,"Warty gracilaria_5",1986,8745.7
14,"Warty gracilaria_6",1986,23.75
14,"Warty gracilaria_5",1987,5155.65
14,"Warty gracilaria_6",1987,8.55
14,"Warty gracilaria_5",1988,6230.1
14,"Warty gracilaria_6",1988,8.55
14,"Warty gracilaria_5",1989,8214.65
14,"Warty gracilaria_6",1989,603.25
14,"Warty gracilaria_5",1990,10023.45
14,"Warty gracilaria_6",1990,59.85
14,"Warty gracilaria_5",1991,8777.05
14,"Warty gracilaria_6",1991,27.55
14,"Warty gracilaria_5",1992,10482.3
14,"Warty gracilaria_6",1992,0
14,"Warty gracilaria_5",1993,7527.8
14,"Warty gracilaria_6",1993,0
14,"Warty gracilaria_5",1994,5798.8
14,"Warty gracilaria_6",1994,0.95
14,"Warty gracilaria_5",1995,7841.3
14,"Warty gracilaria_6",1995,0
14,"Warty gracilaria_5",1996,9427.8
14,"Warty gracilaria_6",1996,0
14,"Warty gracilaria_5",1997,11947.2
14,"Warty gracilaria_6",1997,0
14,"Warty gracilaria_5",1998,14027.7
14,"Warty gracilaria_6",1998,0
14,"Warty gracilaria_5",1999,14557.8
14,"Warty gracilaria_6",1999,0
14,"Warty gracilaria_5",2000,10758.75
14,"Warty gracilaria_6",2000,1125.75
14,"Warty gracilaria_5",2001,12926.65
14,"Warty gracilaria_6",2001,1903.8
14,"Warty gracilaria_5",2002,15901.1
14,"Warty gracilaria_6",2002,35.15
14,"Warty gracilaria_5",2003,11579.55
14,"Warty gracilaria_6",2003,35.15
14,"Warty gracilaria_5",2004,8630.75
14,"Warty gracilaria_6",2004,68.4
14,"Warty gracilaria_5",2005,2273.35
14,"Warty gracilaria_6",2005,35.15
14,"Warty gracilaria_5",2006,5645.85
14,"Warty gracilaria_6",2006,0.95
14,"Warty gracilaria_5",2007,8911.95
14,"Warty gracilaria_6",2007,0.95
14,"Warty gracilaria_5",2008,6517.95
14,"Warty gracilaria_6",2008,0
14,"Warty gracilaria_5",2009,4163.85
14,"Warty gracilaria_6",2009,0
14,"Warty gracilaria_5",2010,4643.6
14,"Warty gracilaria_6",2010,0
14,"Warty gracilaria_5",2011,4622.035
14,"Warty gracilaria_6",2011,0
14,"Warty gracilaria_5",2012,3304.1
14,"Warty gracilaria_6",2012,0
14,"Warty gracilaria_5",2013,3049.5
14,"Warty gracilaria_6",2013,0
14,"Warty gracilaria_5",2014,889.2
14,"Warty gracilaria_6",2014,0
14,"Warty gracilaria_5",2015,602.3
14,"Warty gracilaria_6",2015,0
14,"Warty gracilaria_5",2016,427.5
14,"Warty gracilaria_6",2016,0
14,"Warty gracilaria_5",2017,559.17
14,"Warty gracilaria_6",2017,0
14,"Warty gracilaria_5",2018,652.5835
14,"Warty gracilaria_6",2018,0
15,"Caulerpa seaweeds_7",1950,1.85
15,"Caulerpa seaweeds_7",1951,2.08
15,"Caulerpa seaweeds_7",1952,2.33
15,"Caulerpa seaweeds_7",1953,2.61
15,"Caulerpa seaweeds_7",1954,2.93
15,"Caulerpa seaweeds_7",1955,3.28
15,"Caulerpa seaweeds_7",1956,3.68
15,"Caulerpa seaweeds_7",1957,4.12
15,"Caulerpa seaweeds_7",1958,4.62
15,"Caulerpa seaweeds_7",1959,5.17
15,"Caulerpa seaweeds_7",1960,5.8
15,"Caulerpa seaweeds_7",1961,6.5
15,"Caulerpa seaweeds_7",1962,7.28
15,"Caulerpa seaweeds_7",1963,8.16
15,"Caulerpa seaweeds_7",1964,9.15
15,"Caulerpa seaweeds_7",1965,10.25
15,"Caulerpa seaweeds_7",1966,11.49
15,"Caulerpa seaweeds_7",1967,12.88
15,"Caulerpa seaweeds_7",1968,14.44
15,"Caulerpa seaweeds_7",1969,16.18
15,"Caulerpa seaweeds_7",1970,18.13
15,"Caulerpa seaweeds_7",1971,20.32
15,"Caulerpa seaweeds_7",1972,22.78
15,"Caulerpa seaweeds_7",1973,25.53
15,"Caulerpa seaweeds_7",1974,28.61
15,"Caulerpa seaweeds_7",1975,32.06
15,"Caulerpa seaweeds_7",1976,35.94
15,"Caulerpa seaweeds_7",1977,40.27
15,"Caulerpa seaweeds_7",1978,45.14
15,"Caulerpa seaweeds_7",1979,50.59
15,"Caulerpa seaweeds_7",1980,79.64
15,"Caulerpa seaweeds_7",1981,49.79
15,"Caulerpa seaweeds_7",1982,65.23
15,"Caulerpa seaweeds_7",1983,79.32
15,"Caulerpa seaweeds_7",1984,87.81
15,"Caulerpa seaweeds_7",1985,112.78
15,"Caulerpa seaweeds_7",1986,104.36
15,"Caulerpa seaweeds_7",1987,132.5
15,"Caulerpa seaweeds_7",1988,153.84
15,"Caulerpa seaweeds_7",1989,161.22
15,"Caulerpa seaweeds_7",1990,174.71
15,"Caulerpa seaweeds_7",1991,170.27
15,"Caulerpa seaweeds_7",1992,209.7
15,"Caulerpa seaweeds_7",1993,251.69
15,"Caulerpa seaweeds_7",1994,267.87
15,"Caulerpa seaweeds_7",1995,40.4
15,"Caulerpa seaweeds_7",1996,51.41
15,"Caulerpa seaweeds_7",1997,137.13
15,"Caulerpa seaweeds_7",1998,287.04
15,"Caulerpa seaweeds_7",1999,227.51
15,"Caulerpa seaweeds_7",2000,282.96
15,"Caulerpa seaweeds_7",2001,251.55
15,"Caulerpa seaweeds_7",2002,107.9
15,"Caulerpa seaweeds_7",2003,41.63
15,"Caulerpa seaweeds_7",2004,42.52
15,"Caulerpa seaweeds_7",2005,43.09
15,"Caulerpa seaweeds_7",2006,54.44
15,"Caulerpa seaweeds_7",2007,51.77
15,"Caulerpa seaweeds_7",2008,42.88
15,"Caulerpa seaweeds_7",2009,38.81
15,"Caulerpa seaweeds_7",2010,43.09
15,"Caulerpa seaweeds_7",2011,51.45
15,"Caulerpa seaweeds_7",2012,39.28
15,"Caulerpa seaweeds_7",2013,30.29
15,"Caulerpa seaweeds_7",2014,11.99
15,"Caulerpa seaweeds_7",2015,12.19
15,"Caulerpa seaweeds_7",2016,5.85
15,"Caulerpa seaweeds_7",2017,9.55
15,"Caulerpa seaweeds_7",2018,12.1814
15,"Elkhorn sea moss_8",1965,990
15,"Elkhorn sea moss_8",1966,990
15,"Elkhorn sea moss_8",1967,990
15,"Elkhorn sea moss_8",1968,990
15,"Elkhorn sea moss_8",1969,990
15,"Elkhorn sea moss_8",1970,990
15,"Elkhorn sea moss_8",1971,2970
15,"Elkhorn sea moss_8",1972,2970
15,"Elkhorn sea moss_8",1973,4950
15,"Elkhorn sea moss_8",1974,15840
15,"Elkhorn sea moss_8",1975,13860
15,"Elkhorn sea moss_8",1976,11880
15,"Elkhorn sea moss_8",1977,22458.15
15,"Elkhorn sea moss_8",1978,74258.91
15,"Elkhorn sea moss_8",1979,93429.27
15,"Elkhorn sea moss_8",1980,116948.7
15,"Elkhorn sea moss_8",1981,73116.45
15,"Elkhorn sea moss_8",1982,95784.48
15,"Elkhorn sea moss_8",1983,116484.39
15,"Elkhorn sea moss_8",1984,125165.7
15,"Elkhorn sea moss_8",1985,160761.15
15,"Elkhorn sea moss_8",1986,148756.41
15,"Elkhorn sea moss_8",1987,194582.52
15,"Elkhorn sea moss_8",1988,225918.99
15,"Elkhorn sea moss_8",1989,236750.58
15,"Elkhorn sea moss_8",1990,256554.54
15,"Elkhorn sea moss_8",1991,250040.34
15,"Elkhorn sea moss_8",1992,307949.4
15,"Elkhorn sea moss_8",1993,354417.03
15,"Elkhorn sea moss_8",1994,436262.31
15,"Elkhorn sea moss_8",1995,556382.97
15,"Elkhorn sea moss_8",1996,632464.47
15,"Elkhorn sea moss_8",1997,624071.25
15,"Elkhorn sea moss_8",1998,632814.93
15,"Elkhorn sea moss_8",1999,646744.23
15,"Elkhorn sea moss_8",2000,637875.81
15,"Elkhorn sea moss_8",2001,681208.11
15,"Elkhorn sea moss_8",2002,791379.27
15,"Elkhorn sea moss_8",2003,893358.18
15,"Elkhorn sea moss_8",2004,1103268.87
15,"Elkhorn sea moss_8",2005,1220854.14
15,"Elkhorn sea moss_8",2006,1371423.24
15,"Elkhorn sea moss_8",2007,1385410.95
15,"Elkhorn sea moss_8",2008,1540858.77
15,"Elkhorn sea moss_8",2009,1605368.16
15,"Elkhorn sea moss_8",2010,1652554.53
15,"Elkhorn sea moss_8",2011,1680705.18
15,"Elkhorn sea moss_8",2012,1592316.99
15,"Elkhorn sea moss_8",2013,1414419.93
15,"Elkhorn sea moss_8",2014,1420366.86
15,"Elkhorn sea moss_8",2015,1443286.35
15,"Elkhorn sea moss_8",2016,1288141.47
15,"Elkhorn sea moss_8",2017,1316987.1
15,"Elkhorn sea moss_8",2018,1391358.7908
15,"Gracilaria seaweeds_9",2002,1232.25
15,"Gracilaria seaweeds_9",2003,761.25
15,"Gracilaria seaweeds_9",2004,291.75
15,"Gracilaria seaweeds_9",2005,847.5
15,"Gracilaria seaweeds_9",2006,1067.25
15,"Gracilaria seaweeds_9",2007,1037.25
15,"Gracilaria seaweeds_9",2008,1859.25
15,"Gracilaria seaweeds_9",2009,1731
15,"Gracilaria seaweeds_9",2010,1518.75
15,"Gracilaria seaweeds_9",2011,1367.25
15,"Gracilaria seaweeds_9",2012,854.25
15,"Gracilaria seaweeds_9",2013,1818
15,"Gracilaria seaweeds_9",2014,402
15,"Gracilaria seaweeds_9",2015,245.25
15,"Gracilaria seaweeds_9",2016,213.75
15,"Gracilaria seaweeds_9",2017,149.25
15,"Gracilaria seaweeds_9",2018,74.3175
15,"Spiny eucheuma_10",1974,2700
15,"Spiny eucheuma_10",1975,2700
15,"Spiny eucheuma_10",1976,2700
15,"Spiny eucheuma_10",1977,3020.4
15,"Spiny eucheuma_10",1978,3384.9
15,"Spiny eucheuma_10",1979,3794.4
15,"Spiny eucheuma_10",1980,5973.3
15,"Spiny eucheuma_10",1981,3734.1
15,"Spiny eucheuma_10",1982,4892.4
15,"Spiny eucheuma_10",1983,5949
15,"Spiny eucheuma_10",1984,6189.3
15,"Spiny eucheuma_10",1985,7949.7
15,"Spiny eucheuma_10",1986,7355.7
15,"Spiny eucheuma_10",1987,9936.9
15,"Spiny eucheuma_10",1988,11538
15,"Spiny eucheuma_10",1989,12091.5
15,"Spiny eucheuma_10",1990,13103.1
15,"Spiny eucheuma_10",1991,12771
15,"Spiny eucheuma_10",1992,15727.5
15,"Spiny eucheuma_10",1993,16543.8
15,"Spiny eucheuma_10",1994,12635.1
15,"Spiny eucheuma_10",1995,11692.8
15,"Spiny eucheuma_10",1996,12708
15,"Spiny eucheuma_10",1997,11881.8
15,"Spiny eucheuma_10",1998,15682.5
15,"Spiny eucheuma_10",1999,18075.6
15,"Spiny eucheuma_10",2000,30981.6
15,"Spiny eucheuma_10",2001,65295.9
15,"Spiny eucheuma_10",2002,74745.9
15,"Spiny eucheuma_10",2003,73196.1
15,"Spiny eucheuma_10",2004,77178.6
15,"Spiny eucheuma_10",2005,89974.8
15,"Spiny eucheuma_10",2006,69085.8
15,"Spiny eucheuma_10",2007,89194.5
15,"Spiny eucheuma_10",2008,93029.4
15,"Spiny eucheuma_10",2009,100999.8
15,"Spiny eucheuma_10",2010,113121.9
15,"Spiny eucheuma_10",2011,122564.7
15,"Spiny eucheuma_10",2012,123842.7
15,"Spiny eucheuma_10",2013,111796.2
15,"Spiny eucheuma_10",2014,101814.3
15,"Spiny eucheuma_10",2015,96255
15,"Spiny eucheuma_10",2016,92246.4
15,"Spiny eucheuma_10",2017,75489.3
15,"Spiny eucheuma_10",2018,64413.621
17,"Elkhorn sea moss_11",2010,99
17,"Elkhorn sea moss_11",2011,247.5
17,"Elkhorn sea moss_11",2012,1386
17,"Elkhorn sea moss_11",2013,2475
17,"Elkhorn sea moss_11",2014,2970
17,"Elkhorn sea moss_11",2015,3960
17,"Elkhorn sea moss_11",2016,3960
17,"Elkhorn sea moss_11",2017,4257
17,"Elkhorn sea moss_11",2018,4257
18,"Eucheuma seaweeds nei_12",1985,675
18,"Eucheuma seaweeds nei_12",1986,7785
18,"Eucheuma seaweeds nei_12",1987,9765
18,"Eucheuma seaweeds nei_12",1988,4500
18,"Eucheuma seaweeds nei_12",1989,5400
18,"Eucheuma seaweeds nei_12",1990,5670
18,"Eucheuma seaweeds nei_12",1991,3105
18,"Eucheuma seaweeds nei_12",1992,2160
18,"Eucheuma seaweeds nei_12",1993,1485
18,"Eucheuma seaweeds nei_12",1994,0
18,"Eucheuma seaweeds nei_12",1995,0
18,"Eucheuma seaweeds nei_12",1996,0
18,"Eucheuma seaweeds nei_12",1997,0
18,"Eucheuma seaweeds nei_12",1998,1890
18,"Eucheuma seaweeds nei_12",1999,13581
18,"Eucheuma seaweeds nei_12",2000,4680
18,"Eucheuma seaweeds nei_12",2001,2880
18,"Eucheuma seaweeds nei_12",2002,720
18,"Eucheuma seaweeds nei_12",2003,225
18,"Eucheuma seaweeds nei_12",2004,405
18,"Eucheuma seaweeds nei_12",2005,405
18,"Eucheuma seaweeds nei_12",2006,1071
18,"Eucheuma seaweeds nei_12",2007,585
18,"Eucheuma seaweeds nei_12",2008,594
18,"Eucheuma seaweeds nei_12",2009,396
18,"Eucheuma seaweeds nei_12",2010,504
18,"Eucheuma seaweeds nei_12",2011,405
18,"Eucheuma seaweeds nei_12",2012,504
18,"Eucheuma seaweeds nei_12",2013,423
18,"Eucheuma seaweeds nei_12",2014,495
18,"Eucheuma seaweeds nei_12",2015,495
18,"Eucheuma seaweeds nei_12",2016,495
18,"Eucheuma seaweeds nei_12",2017,495
18,"Eucheuma seaweeds nei_12",2018,495
20,"[Capsosiphon fulvescens]_13",1967,0.1
20,"[Capsosiphon fulvescens]_13",1968,0.1
20,"[Capsosiphon fulvescens]_13",1969,0.1
20,"[Capsosiphon fulvescens]_13",1970,75.6
20,"[Capsosiphon fulvescens]_13",1971,191.8
20,"[Capsosiphon fulvescens]_13",1972,97.2
20,"[Capsosiphon fulvescens]_13",1973,29.9
20,"[Capsosiphon fulvescens]_13",1974,26.5
20,"[Capsosiphon fulvescens]_13",1975,136
20,"[Capsosiphon fulvescens]_13",1976,205.6
20,"[Capsosiphon fulvescens]_13",1977,236.7
20,"[Capsosiphon fulvescens]_13",1978,225.6
20,"[Capsosiphon fulvescens]_13",1979,337.3
20,"[Capsosiphon fulvescens]_13",1980,122.5
20,"[Capsosiphon fulvescens]_13",1981,149.7
20,"[Capsosiphon fulvescens]_13",1982,143
20,"[Capsosiphon fulvescens]_13",1983,263.3
20,"[Capsosiphon fulvescens]_13",1984,0.3
20,"[Capsosiphon fulvescens]_13",1985,25.5
20,"[Capsosiphon fulvescens]_13",1986,55
20,"[Capsosiphon fulvescens]_13",1987,58.8
20,"[Capsosiphon fulvescens]_13",1988,1
20,"[Capsosiphon fulvescens]_13",1989,22.4
20,"[Capsosiphon fulvescens]_13",1990,43.2
20,"[Capsosiphon fulvescens]_13",1991,0.2
20,"[Capsosiphon fulvescens]_13",1992,0.5
20,"[Capsosiphon fulvescens]_13",1993,1
20,"[Capsosiphon fulvescens]_13",1994,0.6
20,"[Capsosiphon fulvescens]_13",1995,0.2
20,"[Capsosiphon fulvescens]_13",1996,1.2
20,"[Capsosiphon fulvescens]_13",1997,0
20,"[Capsosiphon fulvescens]_13",1998,0
20,"[Capsosiphon fulvescens]_13",1999,0
20,"[Capsosiphon fulvescens]_13",2000,0
20,"[Capsosiphon fulvescens]_13",2001,0
20,"[Capsosiphon fulvescens]_13",2002,24.7
20,"[Capsosiphon fulvescens]_13",2003,5.4
20,"[Capsosiphon fulvescens]_13",2004,14.2
20,"[Capsosiphon fulvescens]_13",2005,87.7
20,"[Capsosiphon fulvescens]_13",2006,177.4
20,"[Capsosiphon fulvescens]_13",2007,110
20,"[Capsosiphon fulvescens]_13",2008,359.5
20,"[Capsosiphon fulvescens]_13",2009,464.5
20,"[Capsosiphon fulvescens]_13",2010,414.2
20,"[Capsosiphon fulvescens]_13",2011,218.1
20,"[Capsosiphon fulvescens]_13",2012,273.9
20,"[Capsosiphon fulvescens]_13",2013,472.7
20,"[Capsosiphon fulvescens]_13",2014,502.1
20,"[Capsosiphon fulvescens]_13",2015,377.7
20,"[Capsosiphon fulvescens]_13",2016,319.3
20,"[Capsosiphon fulvescens]_13",2017,627.6
20,"[Capsosiphon fulvescens]_13",2018,700
20,"Fragile codium_14",2005,159.7
20,"Fragile codium_14",2006,16.5
20,"Fragile codium_14",2007,15.8
20,"Fragile codium_14",2008,118.6
20,"Fragile codium_14",2009,179.6
20,"Fragile codium_14",2010,139.4
20,"Fragile codium_14",2011,100.5
20,"Fragile codium_14",2012,85.5
20,"Fragile codium_14",2013,204.5
20,"Fragile codium_14",2014,555
20,"Fragile codium_14",2015,389.5
20,"Fragile codium_14",2016,427.9
20,"Fragile codium_14",2017,398
20,"Fragile codium_14",2018,340
20,"Green laver_15",1974,6
20,"Green laver_15",1975,7.52
20,"Green laver_15",1976,9.35
20,"Green laver_15",1977,11.63
20,"Green laver_15",1978,14.77
20,"Green laver_15",1979,18.49
20,"Green laver_15",1980,24.5
20,"Green laver_15",1981,29.94
20,"Green laver_15",1982,42.85
20,"Green laver_15",1983,52.65
20,"Green laver_15",1984,47.34
20,"Green laver_15",1985,106.58
20,"Green laver_15",1986,110.4
20,"Green laver_15",1987,75.88
20,"Green laver_15",1988,86.7
20,"Green laver_15",1989,101.16
20,"Green laver_15",1990,124.63
20,"Green laver_15",1991,143.67
20,"Green laver_15",1992,172.48
20,"Green laver_15",1993,120.53
20,"Green laver_15",1994,69.18
20,"Green laver_15",1995,43.44
20,"Green laver_15",1996,82.77
20,"Green laver_15",1997,77.94
20,"Green laver_15",1998,52.98
20,"Green laver_15",1999,58.73
20,"Green laver_15",2000,52.88
20,"Green laver_15",2001,57.6
20,"Green laver_15",2002,92.91
20,"Green laver_15",2003,13.55
20,"Green laver_15",2004,115.14
20,"Green laver_15",2005,8.14
20,"Green laver_15",2006,6.82
20,"Green laver_15",2007,6.84
20,"Green laver_15",2008,80.03
20,"Green laver_15",2009,59.03
20,"Green laver_15",2010,45.31
20,"Green laver_15",2011,60.85
20,"Green laver_15",2012,60.02
20,"Green laver_15",2013,50.34
20,"Green laver_15",2014,60.55
20,"Green laver_15",2015,67.48
20,"Green laver_15",2016,71.58
20,"Green laver_15",2017,61.59
20,"Green laver_15",2018,68
20,"Japanese kelp_16",1974,233.4
20,"Japanese kelp_16",1975,275.8
20,"Japanese kelp_16",1976,834.2
20,"Japanese kelp_16",1977,212.2
20,"Japanese kelp_16",1978,551.6
20,"Japanese kelp_16",1979,519.2
20,"Japanese kelp_16",1980,94
20,"Japanese kelp_16",1981,196.3
20,"Japanese kelp_16",1982,398.7
20,"Japanese kelp_16",1983,1160.6
20,"Japanese kelp_16",1984,792.7
20,"Japanese kelp_16",1985,1179.6
20,"Japanese kelp_16",1986,944.5
20,"Japanese kelp_16",1987,998
20,"Japanese kelp_16",1988,1161.2
20,"Japanese kelp_16",1989,261.7
20,"Japanese kelp_16",1990,808.4
20,"Japanese kelp_16",1991,893.8
20,"Japanese kelp_16",1992,956
20,"Japanese kelp_16",1993,1718
20,"Japanese kelp_16",1994,3042.1
20,"Japanese kelp_16",1995,2729.5
20,"Japanese kelp_16",1996,3564
20,"Japanese kelp_16",1997,3346.6
20,"Japanese kelp_16",1998,793.1
20,"Japanese kelp_16",1999,2544.7
20,"Japanese kelp_16",2000,1416
20,"Japanese kelp_16",2001,1750.6
20,"Japanese kelp_16",2002,2487.3
20,"Japanese kelp_16",2003,2525.9
20,"Japanese kelp_16",2004,2251
20,"Japanese kelp_16",2005,10832.7
20,"Japanese kelp_16",2006,20191.9
20,"Japanese kelp_16",2007,25004.9
20,"Japanese kelp_16",2008,28522.1
20,"Japanese kelp_16",2009,30618.3
20,"Japanese kelp_16",2010,24132.2
20,"Japanese kelp_16",2011,24670.1
20,"Japanese kelp_16",2012,30860.1
20,"Japanese kelp_16",2013,37326.3
20,"Japanese kelp_16",2014,37231.1
20,"Japanese kelp_16",2015,44263.7
20,"Japanese kelp_16",2016,39785.2
20,"Japanese kelp_16",2017,54228.5
20,"Japanese kelp_16",2018,57260
20,"Laver (Nori)_17",1951,0.02
20,"Laver (Nori)_17",1952,0.1
20,"Laver (Nori)_17",1953,0.24
20,"Laver (Nori)_17",1954,0.82
20,"Laver (Nori)_17",1955,1.94
20,"Laver (Nori)_17",1956,3.95
20,"Laver (Nori)_17",1957,7.23
20,"Laver (Nori)_17",1958,12.25
20,"Laver (Nori)_17",1959,19.58
20,"Laver (Nori)_17",1960,22.1
20,"Laver (Nori)_17",1961,30.12
20,"Laver (Nori)_17",1962,59.73
20,"Laver (Nori)_17",1963,85.3
20,"Laver (Nori)_17",1964,91.07
20,"Laver (Nori)_17",1965,62.58
20,"Laver (Nori)_17",1966,62.07
20,"Laver (Nori)_17",1967,81.72
20,"Laver (Nori)_17",1968,140.5
20,"Laver (Nori)_17",1969,162.03
20,"Laver (Nori)_17",1970,357.82
20,"Laver (Nori)_17",1971,348.01
20,"Laver (Nori)_17",1972,230.42
20,"Laver (Nori)_17",1973,347.63
20,"Laver (Nori)_17",1974,544.4
20,"Laver (Nori)_17",1975,446.72
20,"Laver (Nori)_17",1976,442.34
20,"Laver (Nori)_17",1977,577.18
20,"Laver (Nori)_17",1978,287.48
20,"Laver (Nori)_17",1979,437.87
20,"Laver (Nori)_17",1980,562.74
20,"Laver (Nori)_17",1981,804.9
20,"Laver (Nori)_17",1982,797.84
20,"Laver (Nori)_17",1983,879.63
20,"Laver (Nori)_17",1984,1364.84
20,"Laver (Nori)_17",1985,1098.19
20,"Laver (Nori)_17",1986,1433.96
20,"Laver (Nori)_17",1987,832.87
20,"Laver (Nori)_17",1988,1157.49
20,"Laver (Nori)_17",1989,1400.88
20,"Laver (Nori)_17",1990,976.37
20,"Laver (Nori)_17",1991,1438.45
20,"Laver (Nori)_17",1992,1635.55
20,"Laver (Nori)_17",1993,2352.72
20,"Laver (Nori)_17",1994,2695.81
20,"Laver (Nori)_17",1995,1929.6
20,"Laver (Nori)_17",1996,1661.99
20,"Laver (Nori)_17",1997,1402.36
20,"Laver (Nori)_17",1998,1909.79
20,"Laver (Nori)_17",1999,2057.06
20,"Laver (Nori)_17",2000,1304.88
20,"Laver (Nori)_17",2001,1679.09
20,"Laver (Nori)_17",2002,2099.95
20,"Laver (Nori)_17",2003,1935.53
20,"Laver (Nori)_17",2004,2285.54
20,"Laver (Nori)_17",2005,1976.1
20,"Laver (Nori)_17",2006,2175.59
20,"Laver (Nori)_17",2007,2109.56
20,"Laver (Nori)_17",2008,2242.42
20,"Laver (Nori)_17",2009,2114.44
20,"Laver (Nori)_17",2010,2355.34
20,"Laver (Nori)_17",2011,3164.28
20,"Laver (Nori)_17",2012,3498.27
20,"Laver (Nori)_17",2013,4055.26
20,"Laver (Nori)_17",2014,3978.41
20,"Laver (Nori)_17",2015,3890.77
20,"Laver (Nori)_17",2016,4097.24
20,"Laver (Nori)_17",2017,5236.48
20,"Laver (Nori)_17",2018,5678
20,"Wakame_18",1950,12
20,"Wakame_18",1951,15
20,"Wakame_18",1952,15
20,"Wakame_18",1953,18
20,"Wakame_18",1954,17
20,"Wakame_18",1955,18
20,"Wakame_18",1956,20
20,"Wakame_18",1957,30
20,"Wakame_18",1958,45
20,"Wakame_18",1959,40
20,"Wakame_18",1960,40
20,"Wakame_18",1961,50
20,"Wakame_18",1962,50
20,"Wakame_18",1963,110
20,"Wakame_18",1964,95
20,"Wakame_18",1965,62
20,"Wakame_18",1966,130
20,"Wakame_18",1967,180
20,"Wakame_18",1968,284
20,"Wakame_18",1969,48.6
20,"Wakame_18",1970,66.25
20,"Wakame_18",1971,111.03
20,"Wakame_18",1972,290.28
20,"Wakame_18",1973,1078.48
20,"Wakame_18",1974,1868.05
20,"Wakame_18",1975,1120.26
20,"Wakame_18",1976,1366.59
20,"Wakame_18",1977,1739.78
20,"Wakame_18",1978,1446.01
20,"Wakame_18",1979,1403.05
20,"Wakame_18",1980,1961.47
20,"Wakame_18",1981,2946.22
20,"Wakame_18",1982,2250.45
20,"Wakame_18",1983,2371.28
20,"Wakame_18",1984,2301.88
20,"Wakame_18",1985,2564.36
20,"Wakame_18",1986,3464.34
20,"Wakame_18",1987,2850.85
20,"Wakame_18",1988,2816.57
20,"Wakame_18",1989,2808.56
20,"Wakame_18",1990,2693.33
20,"Wakame_18",1991,2669.66
20,"Wakame_18",1992,3714.32
20,"Wakame_18",1993,3721.82
20,"Wakame_18",1994,4116.02
20,"Wakame_18",1995,3868.19
20,"Wakame_18",1996,3058.13
20,"Wakame_18",1997,4318.72
20,"Wakame_18",1998,2397.42
20,"Wakame_18",1999,2137.06
20,"Wakame_18",2000,2124.29
20,"Wakame_18",2001,1754.9
20,"Wakame_18",2002,2421.35
20,"Wakame_18",2003,1981.72
20,"Wakame_18",2004,2615.74
20,"Wakame_18",2005,2818.71
20,"Wakame_18",2006,3223.71
20,"Wakame_18",2007,3090.97
20,"Wakame_18",2008,3810.76
20,"Wakame_18",2009,3091.55
20,"Wakame_18",2010,3936.16
20,"Wakame_18",2011,3940.03
20,"Wakame_18",2012,3399.24
20,"Wakame_18",2013,3273.75
20,"Wakame_18",2014,2837.07
20,"Wakame_18",2015,3227.48
20,"Wakame_18",2016,4962.9
20,"Wakame_18",2017,6226.13
20,"Wakame_18",2018,5156
21,"Gelidium seaweeds_19",1989,800
21,"Gelidium seaweeds_19",1990,800
21,"Gelidium seaweeds_19",1991,800
21,"Gelidium seaweeds_19",1992,800
21,"Gelidium seaweeds_19",1993,800
21,"Gelidium seaweeds_19",1994,800
21,"Gelidium seaweeds_19",1995,800
21,"Gelidium seaweeds_19",1996,800
21,"Gelidium seaweeds_19",1997,800
21,"Gelidium seaweeds_19",1998,800
21,"Gelidium seaweeds_19",1999,800
21,"Gelidium seaweeds_19",2000,800
21,"Gelidium seaweeds_19",2001,0
21,"Gelidium seaweeds_19",2002,0
21,"Gelidium seaweeds_19",2003,0
21,"Gelidium seaweeds_19",2004,0
21,"Gelidium seaweeds_19",2005,0
21,"Gelidium seaweeds_19",2006,0
21,"Gelidium seaweeds_19",2007,0
21,"Gelidium seaweeds_19",2008,0
21,"Gelidium seaweeds_19",2009,0
21,"Gelidium seaweeds_19",2010,0
21,"Gelidium seaweeds_19",2011,0
21,"Gelidium seaweeds_19",2012,0
21,"Gelidium seaweeds_19",2013,0
21,"Gelidium seaweeds_19",2014,0
21,"Gelidium seaweeds_19",2015,0
21,"Gelidium seaweeds_19",2016,0
21,"Gelidium seaweeds_19",2017,0
21,"Gelidium seaweeds_19",2018,0
21,"Gracilaria seaweeds_20",1965,18.75
21,"Gracilaria seaweeds_20",1966,36.75
21,"Gracilaria seaweeds_20",1967,69.75
21,"Gracilaria seaweeds_20",1968,103.5
21,"Gracilaria seaweeds_20",1969,137.25
21,"Gracilaria seaweeds_20",1970,171
21,"Gracilaria seaweeds_20",1971,210
21,"Gracilaria seaweeds_20",1972,240
21,"Gracilaria seaweeds_20",1973,262.5
21,"Gracilaria seaweeds_20",1974,300
21,"Gracilaria seaweeds_20",1975,345
21,"Gracilaria seaweeds_20",1976,375
21,"Gracilaria seaweeds_20",1977,450
21,"Gracilaria seaweeds_20",1978,525
21,"Gracilaria seaweeds_20",1979,600
21,"Gracilaria seaweeds_20",1980,675
21,"Gracilaria seaweeds_20",1981,750
21,"Gracilaria seaweeds_20",1982,750
21,"Gracilaria seaweeds_20",1983,750
21,"Gracilaria seaweeds_20",1984,750
21,"Gracilaria seaweeds_20",1985,750
21,"Gracilaria seaweeds_20",1986,750
21,"Gracilaria seaweeds_20",1987,750
21,"Gracilaria seaweeds_20",1988,750
21,"Gracilaria seaweeds_20",1989,750
21,"Gracilaria seaweeds_20",1990,750
21,"Gracilaria seaweeds_20",1991,750
21,"Gracilaria seaweeds_20",1992,750
21,"Gracilaria seaweeds_20",1993,750
21,"Gracilaria seaweeds_20",1994,750
21,"Gracilaria seaweeds_20",1995,750
21,"Gracilaria seaweeds_20",1996,750
21,"Gracilaria seaweeds_20",1997,750
21,"Gracilaria seaweeds_20",1998,750
21,"Gracilaria seaweeds_20",1999,750
21,"Gracilaria seaweeds_20",2000,750
21,"Gracilaria seaweeds_20",2001,0
21,"Gracilaria seaweeds_20",2002,0
21,"Gracilaria seaweeds_20",2003,0
21,"Gracilaria seaweeds_20",2004,0
21,"Gracilaria seaweeds_20",2005,0
21,"Gracilaria seaweeds_20",2006,0
21,"Gracilaria seaweeds_20",2007,0
21,"Gracilaria seaweeds_20",2008,0
21,"Gracilaria seaweeds_20",2009,0
21,"Gracilaria seaweeds_20",2010,0
21,"Gracilaria seaweeds_20",2011,0
21,"Gracilaria seaweeds_20",2012,0
21,"Gracilaria seaweeds_20",2013,0
21,"Gracilaria seaweeds_20",2014,0
21,"Gracilaria seaweeds_20",2015,0
21,"Gracilaria seaweeds_20",2016,0
21,"Gracilaria seaweeds_20",2017,0
21,"Gracilaria seaweeds_20",2018,0
21,"Japanese kelp_21",1950,62.1
21,"Japanese kelp_21",1951,75.6
21,"Japanese kelp_21",1952,92
21,"Japanese kelp_21",1953,111.9
21,"Japanese kelp_21",1954,136.2
21,"Japanese kelp_21",1955,165.8
21,"Japanese kelp_21",1956,201.8
21,"Japanese kelp_21",1957,245.6
21,"Japanese kelp_21",1958,298.9
21,"Japanese kelp_21",1959,363.7
21,"Japanese kelp_21",1960,442.6
21,"Japanese kelp_21",1961,538.7
21,"Japanese kelp_21",1962,655.6
21,"Japanese kelp_21",1963,797.9
21,"Japanese kelp_21",1964,971
21,"Japanese kelp_21",1965,1181.8
21,"Japanese kelp_21",1966,1438.2
21,"Japanese kelp_21",1967,1750.3
21,"Japanese kelp_21",1968,2130.2
21,"Japanese kelp_21",1969,2592.4
21,"Japanese kelp_21",1970,3155
21,"Japanese kelp_21",1971,3839.7
21,"Japanese kelp_21",1972,4673
21,"Japanese kelp_21",1973,5687.1
21,"Japanese kelp_21",1974,6921.3
21,"Japanese kelp_21",1975,8423.3
21,"Japanese kelp_21",1976,10251.2
21,"Japanese kelp_21",1977,12475.9
21,"Japanese kelp_21",1978,15183.4
21,"Japanese kelp_21",1979,18478.3
21,"Japanese kelp_21",1980,22488.4
21,"Japanese kelp_21",1981,27368.7
21,"Japanese kelp_21",1982,33308.1
21,"Japanese kelp_21",1983,40536.4
21,"Japanese kelp_21",1984,50000
21,"Japanese kelp_21",1985,60000
21,"Japanese kelp_21",1986,70000
21,"Japanese kelp_21",1987,91400
21,"Japanese kelp_21",1988,91900
21,"Japanese kelp_21",1989,102400
21,"Japanese kelp_21",1990,75000
21,"Japanese kelp_21",1991,80000
21,"Japanese kelp_21",1992,94300
21,"Japanese kelp_21",1993,97300
21,"Japanese kelp_21",1994,66734.9
21,"Japanese kelp_21",1995,60437.1
21,"Japanese kelp_21",1996,63557.9
21,"Japanese kelp_21",1997,37557.7
21,"Japanese kelp_21",1998,37000
21,"Japanese kelp_21",1999,37000
21,"Japanese kelp_21",2000,36000
21,"Japanese kelp_21",2001,44429.5
21,"Japanese kelp_21",2002,44429.5
21,"Japanese kelp_21",2003,44429.5
21,"Japanese kelp_21",2004,44429.5
21,"Japanese kelp_21",2005,44429.5
21,"Japanese kelp_21",2006,44430
21,"Japanese kelp_21",2007,44430
21,"Japanese kelp_21",2008,44430
21,"Japanese kelp_21",2009,44430
21,"Japanese kelp_21",2010,44430
21,"Japanese kelp_21",2011,44430
21,"Japanese kelp_21",2012,44430
21,"Japanese kelp_21",2013,44430
21,"Japanese kelp_21",2014,48900
21,"Japanese kelp_21",2015,48900
21,"Japanese kelp_21",2016,55000
21,"Japanese kelp_21",2017,55000
21,"Japanese kelp_21",2018,55000
21,"Laver (Nori)_22",1975,7.35
21,"Laver (Nori)_22",1976,37.77
21,"Laver (Nori)_22",1977,65.69
21,"Laver (Nori)_22",1978,91.1
21,"Laver (Nori)_22",1979,114.01
21,"Laver (Nori)_22",1980,134.42
21,"Laver (Nori)_22",1981,152.32
21,"Laver (Nori)_22",1982,167.72
21,"Laver (Nori)_22",1983,180.62
21,"Laver (Nori)_22",1984,200
21,"Laver (Nori)_22",1985,200
21,"Laver (Nori)_22",1986,200
21,"Laver (Nori)_22",1987,200
21,"Laver (Nori)_22",1988,200
21,"Laver (Nori)_22",1989,220
21,"Laver (Nori)_22",1990,180
21,"Laver (Nori)_22",1991,180
21,"Laver (Nori)_22",1992,200
21,"Laver (Nori)_22",1993,200
21,"Laver (Nori)_22",1994,150
21,"Laver (Nori)_22",1995,130
21,"Laver (Nori)_22",1996,140
21,"Laver (Nori)_22",1997,81.37
21,"Laver (Nori)_22",1998,80
21,"Laver (Nori)_22",1999,80
21,"Laver (Nori)_22",2000,70
21,"Laver (Nori)_22",2001,0
21,"Laver (Nori)_22",2002,0
21,"Laver (Nori)_22",2003,0
21,"Laver (Nori)_22",2004,0
21,"Laver (Nori)_22",2005,0
21,"Laver (Nori)_22",2006,0
21,"Laver (Nori)_22",2007,0
21,"Laver (Nori)_22",2008,0
21,"Laver (Nori)_22",2009,0
21,"Laver (Nori)_22",2010,10
21,"Laver (Nori)_22",2011,10
21,"Laver (Nori)_22",2012,10
21,"Laver (Nori)_22",2013,20
21,"Laver (Nori)_22",2014,20
21,"Laver (Nori)_22",2015,20
21,"Laver (Nori)_22",2016,30
21,"Laver (Nori)_22",2017,30
21,"Laver (Nori)_22",2018,30
21,"Wakame_23",1963,1.5
21,"Wakame_23",1964,5
21,"Wakame_23",1965,10
21,"Wakame_23",1966,20
21,"Wakame_23",1967,55.74
21,"Wakame_23",1968,171.58
21,"Wakame_23",1969,280.07
21,"Wakame_23",1970,381.2
21,"Wakame_23",1971,474.98
21,"Wakame_23",1972,561.41
21,"Wakame_23",1973,640.48
21,"Wakame_23",1974,712.2
21,"Wakame_23",1975,776.56
21,"Wakame_23",1976,833.57
21,"Wakame_23",1977,883.22
21,"Wakame_23",1978,925.52
21,"Wakame_23",1979,960.47
21,"Wakame_23",1980,988.06
21,"Wakame_23",1981,1008.3
21,"Wakame_23",1982,1021.19
21,"Wakame_23",1983,1026.72
21,"Wakame_23",1984,1500
21,"Wakame_23",1985,1000
21,"Wakame_23",1986,1000
21,"Wakame_23",1987,1000
21,"Wakame_23",1988,1000
21,"Wakame_23",1989,1000
21,"Wakame_23",1990,750
21,"Wakame_23",1991,750
21,"Wakame_23",1992,750
21,"Wakame_23",1993,750
21,"Wakame_23",1994,550
21,"Wakame_23",1995,450
21,"Wakame_23",1996,500
21,"Wakame_23",1997,334.33
21,"Wakame_23",1998,330
21,"Wakame_23",1999,330
21,"Wakame_23",2000,320
21,"Wakame_23",2001,0
21,"Wakame_23",2002,0
21,"Wakame_23",2003,0
21,"Wakame_23",2004,0
21,"Wakame_23",2005,0
21,"Wakame_23",2006,0
21,"Wakame_23",2007,0
21,"Wakame_23",2008,0
21,"Wakame_23",2009,0
21,"Wakame_23",2010,0
21,"Wakame_23",2011,0
21,"Wakame_23",2012,0
21,"Wakame_23",2013,0
21,"Wakame_23",2014,0
21,"Wakame_23",2015,0
21,"Wakame_23",2016,0
21,"Wakame_23",2017,0
21,"Wakame_23",2018,0
24,"Eucheuma seaweeds nei_24",2001,3150
24,"Eucheuma seaweeds nei_24",2002,3285
24,"Eucheuma seaweeds nei_24",2003,7020
24,"Eucheuma seaweeds nei_24",2004,15156
24,"Eucheuma seaweeds nei_24",2005,16200
24,"Eucheuma seaweeds nei_24",2006,6129
24,"Eucheuma seaweeds nei_24",2007,0
24,"Eucheuma seaweeds nei_24",2008,0
24,"Eucheuma seaweeds nei_24",2009,0
24,"Eucheuma seaweeds nei_24",2010,0
24,"Eucheuma seaweeds nei_24",2011,0
24,"Eucheuma seaweeds nei_24",2012,0
24,"Eucheuma seaweeds nei_24",2013,0
24,"Eucheuma seaweeds nei_24",2014,0
24,"Eucheuma seaweeds nei_24",2015,1800
24,"Eucheuma seaweeds nei_24",2016,2011.5
24,"Eucheuma seaweeds nei_24",2017,1980
24,"Eucheuma seaweeds nei_24",2018,1980
40,"Elkhorn sea moss_25",2011,1.2375
40,"Elkhorn sea moss_25",2012,22.275
40,"Elkhorn sea moss_25",2013,24.75
40,"Elkhorn sea moss_25",2014,8.91
40,"Elkhorn sea moss_25",2015,4712.4
40,"Elkhorn sea moss_25",2016,197.01
40,"Elkhorn sea moss_25",2017,685.08
40,"Elkhorn sea moss_25",2018,318.78
41,"Elkhorn sea moss_26",2002,1554.3
41,"Elkhorn sea moss_26",2003,2079
41,"Elkhorn sea moss_26",2004,910.8
41,"Elkhorn sea moss_26",2005,356.4
41,"Elkhorn sea moss_26",2006,148.5
41,"Elkhorn sea moss_26",2007,683.1
41,"Elkhorn sea moss_26",2008,693
41,"Elkhorn sea moss_26",2009,227.7
41,"Elkhorn sea moss_26",2010,0
41,"Elkhorn sea moss_26",2011,0
41,"Elkhorn sea moss_26",2012,0
41,"Elkhorn sea moss_26",2013,0
41,"Elkhorn sea moss_26",2014,0
41,"Elkhorn sea moss_26",2015,0
41,"Elkhorn sea moss_26",2016,0
41,"Elkhorn sea moss_26",2017,0
41,"Elkhorn sea moss_26",2018,0
42,"Eucheuma seaweeds nei_27",1992,922.5
42,"Eucheuma seaweeds nei_27",1993,0
42,"Eucheuma seaweeds nei_27",1994,0
42,"Eucheuma seaweeds nei_27",1995,0
42,"Eucheuma seaweeds nei_27",1996,0
42,"Eucheuma seaweeds nei_27",1997,0
42,"Eucheuma seaweeds nei_27",1998,0
42,"Eucheuma seaweeds nei_27",1999,0
42,"Eucheuma seaweeds nei_27",2000,630
42,"Eucheuma seaweeds nei_27",2001,630
42,"Eucheuma seaweeds nei_27",2002,630
42,"Eucheuma seaweeds nei_27",2003,720
42,"Eucheuma seaweeds nei_27",2004,720
42,"Eucheuma seaweeds nei_27",2005,810
42,"Eucheuma seaweeds nei_27",2006,4770
42,"Eucheuma seaweeds nei_27",2007,3285
42,"Eucheuma seaweeds nei_27",2008,3285
42,"Eucheuma seaweeds nei_27",2009,3240
42,"Eucheuma seaweeds nei_27",2010,3600
42,"Eucheuma seaweeds nei_27",2011,1529.1
42,"Eucheuma seaweeds nei_27",2012,1260
42,"Eucheuma seaweeds nei_27",2013,3217.5
42,"Eucheuma seaweeds nei_27",2014,6273
42,"Eucheuma seaweeds nei_27",2015,13839.3
42,"Eucheuma seaweeds nei_27",2016,15680.7
42,"Eucheuma seaweeds nei_27",2017,15666.48
42,"Eucheuma seaweeds nei_27",2018,4803.3
43,"Spiny eucheuma_28",2010,36
43,"Spiny eucheuma_28",2011,144
43,"Spiny eucheuma_28",2012,360
43,"Spiny eucheuma_28",2013,360
43,"Spiny eucheuma_28",2014,360
43,"Spiny eucheuma_28",2015,360
43,"Spiny eucheuma_28",2016,360
43,"Spiny eucheuma_28",2017,360
43,"Spiny eucheuma_28",2018,360
73,"Brown seaweeds_29",1960,425
73,"Brown seaweeds_29",1961,750
73,"Brown seaweeds_29",1962,450
73,"Brown seaweeds_29",1963,650
73,"Brown seaweeds_29",1964,500
73,"Brown seaweeds_29",1965,550
73,"Brown seaweeds_29",1966,550
73,"Brown seaweeds_29",1967,400
73,"Brown seaweeds_29",1968,150
73,"Brown seaweeds_29",1969,250
73,"Brown seaweeds_29",1970,550
73,"Brown seaweeds_29",1971,500
73,"Brown seaweeds_29",1972,950
73,"Brown seaweeds_29",1973,500
73,"Brown seaweeds_29",1974,600
73,"Brown seaweeds_29",1975,400
73,"Brown seaweeds_29",1976,450
73,"Brown seaweeds_29",1977,250
73,"Brown seaweeds_29",1978,275
73,"Brown seaweeds_29",1979,400
73,"Brown seaweeds_29",1980,250
73,"Brown seaweeds_29",1981,425
73,"Brown seaweeds_29",1982,600
73,"Brown seaweeds_29",1983,750
73,"Brown seaweeds_29",1984,1750
73,"Brown seaweeds_29",1985,1750
73,"Brown seaweeds_29",1986,1807.5
73,"Brown seaweeds_29",1987,1729.5
73,"Brown seaweeds_29",1988,2500
73,"Brown seaweeds_29",1989,1535
73,"Brown seaweeds_29",1990,2694
73,"Brown seaweeds_29",1991,4871
73,"Brown seaweeds_29",1992,650
73,"Brown seaweeds_29",1993,750
73,"Brown seaweeds_29",1994,1250
73,"Brown seaweeds_29",1995,3280
73,"Brown seaweeds_29",1996,205
73,"Brown seaweeds_29",1997,3297.5
73,"Brown seaweeds_29",1998,1517.5
73,"Brown seaweeds_30",1999,50
73,"Brown seaweeds_29",1999,1450
73,"Brown seaweeds_30",2000,56
73,"Brown seaweeds_29",2000,1448
73,"Brown seaweeds_30",2001,51.5
73,"Brown seaweeds_29",2001,200.5
73,"Brown seaweeds_30",2002,0
73,"Brown seaweeds_29",2002,71.5
73,"Brown seaweeds_30",2003,0
73,"Brown seaweeds_29",2003,33.5
73,"Brown seaweeds_30",2004,0
73,"Brown seaweeds_29",2004,108
73,"Brown seaweeds_30",2005,0
73,"Brown seaweeds_29",2005,122.5
73,"Brown seaweeds_30",2006,0
73,"Brown seaweeds_29",2006,409
73,"Brown seaweeds_30",2007,0
73,"Brown seaweeds_29",2007,150
73,"Brown seaweeds_30",2008,0
73,"Brown seaweeds_29",2008,130
73,"Brown seaweeds_30",2009,0
73,"Brown seaweeds_29",2009,369.5
73,"Brown seaweeds_30",2010,0
73,"Brown seaweeds_29",2010,307
73,"Brown seaweeds_30",2011,0
73,"Brown seaweeds_29",2011,410.5
73,"Brown seaweeds_30",2012,0
73,"Brown seaweeds_29",2012,792
73,"Brown seaweeds_30",2013,0
73,"Brown seaweeds_29",2013,321
73,"Brown seaweeds_30",2014,0
73,"Brown seaweeds_29",2014,1193
73,"Brown seaweeds_30",2015,0
73,"Brown seaweeds_29",2015,1018
73,"Brown seaweeds_30",2016,0
73,"Brown seaweeds_29",2016,594.5
73,"Brown seaweeds_30",2017,0
73,"Brown seaweeds_29",2017,758.5
73,"Brown seaweeds_30",2018,6.5
73,"Brown seaweeds_29",2018,2257
101,"Gracilaria seaweeds_31",1993,12.75
101,"Gracilaria seaweeds_31",1994,12.75
101,"Gracilaria seaweeds_31",1995,12.75
101,"Gracilaria seaweeds_31",1996,12.75
101,"Gracilaria seaweeds_31",1997,12.75
101,"Gracilaria seaweeds_31",1998,12.75
101,"Gracilaria seaweeds_31",1999,15
101,"Gracilaria seaweeds_31",2000,15
101,"Gracilaria seaweeds_31",2001,15
101,"Gracilaria seaweeds_31",2002,28.5
101,"Gracilaria seaweeds_31",2003,50.25
101,"Gracilaria seaweeds_31",2004,50.25
101,"Gracilaria seaweeds_31",2005,50.25
101,"Gracilaria seaweeds_31",2006,52.5
101,"Gracilaria seaweeds_31",2007,20.25
101,"Gracilaria seaweeds_31",2008,99
101,"Gracilaria seaweeds_31",2009,97.5
101,"Gracilaria seaweeds_31",2010,97.5
101,"Gracilaria seaweeds_31",2011,97.5
101,"Gracilaria seaweeds_31",2012,97.5
101,"Gracilaria seaweeds_31",2013,97.5
101,"Gracilaria seaweeds_31",2014,97.5
101,"Gracilaria seaweeds_31",2015,97.5
101,"Gracilaria seaweeds_31",2016,97.5
101,"Gracilaria seaweeds_31",2017,97.5
101,"Gracilaria seaweeds_31",2018,97.5
102,"Gracilaria seaweeds_32",1995,7.5
102,"Gracilaria seaweeds_32",1996,24
102,"Gracilaria seaweeds_32",1997,7.5
102,"Gracilaria seaweeds_32",1998,12
102,"Gracilaria seaweeds_32",1999,3.75
102,"Gracilaria seaweeds_32",2000,9
102,"Gracilaria seaweeds_32",2001,9
102,"Gracilaria seaweeds_32",2002,37.5
102,"Gracilaria seaweeds_32",2003,69
102,"Gracilaria seaweeds_32",2004,71.25
102,"Gracilaria seaweeds_32",2005,75
102,"Gracilaria seaweeds_32",2006,75
102,"Gracilaria seaweeds_32",2007,75
102,"Gracilaria seaweeds_32",2008,225
102,"Gracilaria seaweeds_32",2009,300
102,"Gracilaria seaweeds_32",2010,337.5
102,"Gracilaria seaweeds_32",2011,0
102,"Gracilaria seaweeds_32",2012,0
102,"Gracilaria seaweeds_32",2013,0
102,"Gracilaria seaweeds_32",2014,0
102,"Gracilaria seaweeds_32",2015,0
102,"Gracilaria seaweeds_32",2016,0
102,"Gracilaria seaweeds_32",2017,0
102,"Gracilaria seaweeds_32",2018,0
102,"Sea lettuces nei_33",2002,500
102,"Sea lettuces nei_33",2003,1366
102,"Sea lettuces nei_33",2004,1375
102,"Sea lettuces nei_33",2005,1450
102,"Sea lettuces nei_33",2006,1450
102,"Sea lettuces nei_33",2007,1450
102,"Sea lettuces nei_33",2008,767
102,"Sea lettuces nei_33",2009,750
102,"Sea lettuces nei_33",2010,782.5
102,"Sea lettuces nei_33",2011,1000
102,"Sea lettuces nei_33",2012,1000
102,"Sea lettuces nei_33",2013,900
102,"Sea lettuces nei_33",2014,1000
102,"Sea lettuces nei_33",2015,650
102,"Sea lettuces nei_33",2016,1250
102,"Sea lettuces nei_33",2017,431
102,"Sea lettuces nei_33",2018,843.535
122,"Eucheuma seaweeds nei_34",1999,122.4
122,"Eucheuma seaweeds nei_34",2000,0
122,"Eucheuma seaweeds nei_34",2001,25.2
122,"Eucheuma seaweeds nei_34",2002,14.4
122,"Eucheuma seaweeds nei_34",2003,18
122,"Eucheuma seaweeds nei_34",2004,4.5
122,"Eucheuma seaweeds nei_34",2005,12.6
122,"Eucheuma seaweeds nei_34",2006,4.68
122,"Eucheuma seaweeds nei_34",2007,9
122,"Eucheuma seaweeds nei_34",2008,6.12
122,"Eucheuma seaweeds nei_34",2009,10.89
122,"Eucheuma seaweeds nei_34",2010,13.86
122,"Eucheuma seaweeds nei_34",2011,9.81
122,"Eucheuma seaweeds nei_34",2012,13.41
122,"Eucheuma seaweeds nei_34",2013,23.4
122,"Eucheuma seaweeds nei_34",2014,18.54
122,"Eucheuma seaweeds nei_34",2015,2.07
122,"Eucheuma seaweeds nei_34",2016,4.77
122,"Eucheuma seaweeds nei_34",2017,12.6
122,"Eucheuma seaweeds nei_34",2018,12.6
122,"Gracilaria seaweeds_35",1985,75
122,"Gracilaria seaweeds_35",1986,75
122,"Gracilaria seaweeds_35",1987,75
122,"Gracilaria seaweeds_35",1988,26.25
122,"Gracilaria seaweeds_35",1989,30
122,"Gracilaria seaweeds_35",1990,30
122,"Gracilaria seaweeds_35",1991,30
122,"Gracilaria seaweeds_35",1992,15
122,"Gracilaria seaweeds_35",1993,5.25
122,"Gracilaria seaweeds_35",1994,7.5
122,"Gracilaria seaweeds_35",1995,7.5
122,"Gracilaria seaweeds_35",1996,7.5
122,"Gracilaria seaweeds_35",1997,0
122,"Gracilaria seaweeds_35",1998,0
122,"Gracilaria seaweeds_35",1999,0
122,"Gracilaria seaweeds_35",2000,0
122,"Gracilaria seaweeds_35",2001,0
122,"Gracilaria seaweeds_35",2002,0
122,"Gracilaria seaweeds_35",2003,0
122,"Gracilaria seaweeds_35",2004,0
122,"Gracilaria seaweeds_35",2005,0
122,"Gracilaria seaweeds_35",2006,3.375
122,"Gracilaria seaweeds_35",2007,0
122,"Gracilaria seaweeds_35",2008,0
122,"Gracilaria seaweeds_35",2009,0
122,"Gracilaria seaweeds_35",2010,0
122,"Gracilaria seaweeds_35",2011,0
122,"Gracilaria seaweeds_35",2012,0
122,"Gracilaria seaweeds_35",2013,0
122,"Gracilaria seaweeds_35",2014,0
122,"Gracilaria seaweeds_35",2015,0
122,"Gracilaria seaweeds_35",2016,0
122,"Gracilaria seaweeds_35",2017,0
122,"Gracilaria seaweeds_35",2018,0
125,"Eucheuma seaweeds nei_36",2015,1.26
125,"Eucheuma seaweeds nei_36",2016,19.89
125,"Eucheuma seaweeds nei_36",2017,16.2
125,"Eucheuma seaweeds nei_36",2018,18
127,"Eucheuma seaweeds nei_37",2013,0.45
127,"Eucheuma seaweeds nei_37",2014,1.26
127,"Eucheuma seaweeds nei_37",2015,1.26
127,"Eucheuma seaweeds nei_37",2016,1.26
127,"Eucheuma seaweeds nei_37",2017,0.99
127,"Eucheuma seaweeds nei_37",2018,1.8
138,"Giant kelp_38",2012,13.86
138,"Giant kelp_38",2013,0
138,"Giant kelp_38",2014,0
138,"Giant kelp_38",2015,1.422
138,"Giant kelp_38",2016,1.143
138,"Giant kelp_38",2017,1.395
138,"Giant kelp_38",2018,0.9
138,"Gracilaria seaweeds_39",1995,1.5
138,"Gracilaria seaweeds_39",1996,170.25
138,"Gracilaria seaweeds_39",1997,93.75
138,"Gracilaria seaweeds_39",1998,93.75
138,"Gracilaria seaweeds_39",1999,39.75
138,"Gracilaria seaweeds_39",2000,8.25
138,"Gracilaria seaweeds_39",2001,9
138,"Gracilaria seaweeds_39",2002,0
138,"Gracilaria seaweeds_39",2003,0
138,"Gracilaria seaweeds_39",2004,0
138,"Gracilaria seaweeds_39",2005,0
138,"Gracilaria seaweeds_39",2006,0
138,"Gracilaria seaweeds_39",2007,0
138,"Gracilaria seaweeds_39",2008,0
138,"Gracilaria seaweeds_39",2009,0
138,"Gracilaria seaweeds_39",2010,0
138,"Gracilaria seaweeds_39",2011,0
138,"Gracilaria seaweeds_39",2012,0
138,"Gracilaria seaweeds_39",2013,0
138,"Gracilaria seaweeds_39",2014,0
138,"Gracilaria seaweeds_39",2015,0
138,"Gracilaria seaweeds_39",2016,0
138,"Gracilaria seaweeds_39",2017,0
138,"Gracilaria seaweeds_39",2018,0
139,"Elkhorn sea moss_40",1990,99.99
139,"Elkhorn sea moss_40",1991,0
139,"Elkhorn sea moss_40",1992,4.95
139,"Elkhorn sea moss_40",1993,53.46
139,"Elkhorn sea moss_40",1994,14.85
139,"Elkhorn sea moss_40",1995,39.6
139,"Elkhorn sea moss_40",1996,31.68
139,"Elkhorn sea moss_40",1997,35.64
139,"Elkhorn sea moss_40",1998,158.4
139,"Elkhorn sea moss_40",1999,158.4
139,"Elkhorn sea moss_40",2000,94.05
139,"Elkhorn sea moss_40",2001,24.75
139,"Elkhorn sea moss_40",2002,0
139,"Elkhorn sea moss_40",2003,0
139,"Elkhorn sea moss_40",2004,0
139,"Elkhorn sea moss_40",2005,0
139,"Elkhorn sea moss_40",2006,0
139,"Elkhorn sea moss_40",2007,0
139,"Elkhorn sea moss_40",2008,0
139,"Elkhorn sea moss_40",2009,0
139,"Elkhorn sea moss_40",2010,0
139,"Elkhorn sea moss_40",2011,0
139,"Elkhorn sea moss_40",2012,0
139,"Elkhorn sea moss_40",2013,0
139,"Elkhorn sea moss_40",2014,0
139,"Elkhorn sea moss_40",2015,0
139,"Elkhorn sea moss_40",2016,0
139,"Elkhorn sea moss_40",2017,0
139,"Elkhorn sea moss_40",2018,0
155,"Elkhorn sea moss_41",2000,49.5
155,"Elkhorn sea moss_41",2001,49.5
155,"Elkhorn sea moss_41",2002,49.5
155,"Elkhorn sea moss_41",2003,49.5
155,"Elkhorn sea moss_41",2004,29.7
155,"Elkhorn sea moss_41",2005,79.2
155,"Elkhorn sea moss_41",2006,0
155,"Elkhorn sea moss_41",2007,0
155,"Elkhorn sea moss_41",2008,0
155,"Elkhorn sea moss_41",2009,0
155,"Elkhorn sea moss_41",2010,0
155,"Elkhorn sea moss_41",2011,0
155,"Elkhorn sea moss_41",2012,0
155,"Elkhorn sea moss_41",2013,0
155,"Elkhorn sea moss_41",2014,0
155,"Elkhorn sea moss_41",2015,0
155,"Elkhorn sea moss_41",2016,0
155,"Elkhorn sea moss_41",2017,0
155,"Elkhorn sea moss_41",2018,0
155,"Mozuku_42",2008,3
155,"Mozuku_42",2009,3
155,"Mozuku_42",2010,3
155,"Mozuku_42",2011,3
155,"Mozuku_42",2012,3
155,"Mozuku_42",2013,1.32
155,"Mozuku_42",2014,0.87
155,"Mozuku_42",2015,0.54
155,"Mozuku_42",2016,0.21
155,"Mozuku_42",2017,0.2
155,"Mozuku_42",2018,0.2
164,"Eucheuma seaweeds nei_43",2012,3.24
164,"Eucheuma seaweeds nei_43",2013,9
164,"Eucheuma seaweeds nei_43",2014,1.98
164,"Eucheuma seaweeds nei_43",2015,2.7
164,"Eucheuma seaweeds nei_43",2016,2.7
164,"Eucheuma seaweeds nei_43",2017,2.7
164,"Eucheuma seaweeds nei_43",2018,2.7
171,"Elkhorn sea moss_44",2008,297
171,"Elkhorn sea moss_44",2009,495
171,"Elkhorn sea moss_44",2010,693
171,"Elkhorn sea moss_44",2011,693
171,"Elkhorn sea moss_44",2012,693
171,"Elkhorn sea moss_44",2013,693
171,"Elkhorn sea moss_44",2014,693
171,"Elkhorn sea moss_44",2015,693
171,"Elkhorn sea moss_44",2016,693
171,"Elkhorn sea moss_44",2017,693
171,"Elkhorn sea moss_44",2018,693
171,"Gracilaria seaweeds_45",2008,15
171,"Gracilaria seaweeds_45",2009,15
171,"Gracilaria seaweeds_45",2010,22.5
171,"Gracilaria seaweeds_45",2011,22.5
171,"Gracilaria seaweeds_45",2012,22.5
171,"Gracilaria seaweeds_45",2013,22.5
171,"Gracilaria seaweeds_45",2014,22.5
171,"Gracilaria seaweeds_45",2015,22.5
171,"Gracilaria seaweeds_45",2016,22.5
171,"Gracilaria seaweeds_45",2017,22.5
171,"Gracilaria seaweeds_45",2018,22.5
175,"Brown seaweeds_46",2008,500
175,"Brown seaweeds_46",2009,500
175,"Brown seaweeds_46",2010,500
175,"Brown seaweeds_46",2011,500
175,"Brown seaweeds_46",2012,500
175,"Brown seaweeds_46",2013,900
175,"Brown seaweeds_46",2014,50
175,"Brown seaweeds_46",2015,50
175,"Brown seaweeds_46",2016,50
175,"Brown seaweeds_46",2017,5
175,"Brown seaweeds_46",2018,6
179,"Brown seaweeds_47",2014,255
179,"Brown seaweeds_47",2015,245
179,"Brown seaweeds_47",2016,250
179,"Brown seaweeds_47",2017,250
179,"Brown seaweeds_47",2018,250
179,"Harpoon seaweeds_48",1996,6
179,"Harpoon seaweeds_48",1997,6
179,"Harpoon seaweeds_48",1998,7.5
179,"Harpoon seaweeds_48",1999,9
179,"Harpoon seaweeds_48",2000,9
179,"Harpoon seaweeds_48",2001,11.25
179,"Harpoon seaweeds_48",2002,9.75
179,"Harpoon seaweeds_48",2003,9
179,"Harpoon seaweeds_48",2004,9
179,"Harpoon seaweeds_48",2005,15
179,"Harpoon seaweeds_48",2006,3.75
179,"Harpoon seaweeds_48",2007,7.5
179,"Harpoon seaweeds_48",2008,0.3
179,"Harpoon seaweeds_48",2009,0
179,"Harpoon seaweeds_48",2010,0
179,"Harpoon seaweeds_48",2011,0
179,"Harpoon seaweeds_48",2012,0
179,"Harpoon seaweeds_48",2013,0
179,"Harpoon seaweeds_48",2014,0
179,"Harpoon seaweeds_48",2015,0
179,"Harpoon seaweeds_48",2016,0
179,"Harpoon seaweeds_48",2017,0
179,"Harpoon seaweeds_48",2018,0
179,"Seaweeds nei_49",2009,18.72
179,"Seaweeds nei_49",2010,66
179,"Seaweeds nei_49",2011,75.6
179,"Seaweeds nei_49",2012,75.6
179,"Seaweeds nei_49",2013,45.6
179,"Seaweeds nei_49",2014,0
179,"Seaweeds nei_49",2015,0
179,"Seaweeds nei_49",2016,0
179,"Seaweeds nei_49",2017,0
179,"Seaweeds nei_49",2018,0
179,"Wakame nei_50",1985,0.06
179,"Wakame nei_50",1986,0
179,"Wakame nei_50",1987,0.06
179,"Wakame nei_50",1988,0.1
179,"Wakame nei_50",1989,0.43
179,"Wakame nei_50",1990,0.06
179,"Wakame nei_50",1991,0.53
179,"Wakame nei_50",1992,0.52
179,"Wakame nei_50",1993,0.7
179,"Wakame nei_50",1994,0.87
179,"Wakame nei_50",1995,1
179,"Wakame nei_50",1996,0.54
179,"Wakame nei_50",1997,0.54
179,"Wakame nei_50",1998,0.5
179,"Wakame nei_50",1999,0.2
179,"Wakame nei_50",2000,0.2
179,"Wakame nei_50",2001,0.2
179,"Wakame nei_50",2002,0.25
179,"Wakame nei_50",2003,0.25
179,"Wakame nei_50",2004,0.25
179,"Wakame nei_50",2005,0.25
179,"Wakame nei_50",2006,0.27
179,"Wakame nei_50",2007,0.25
179,"Wakame nei_50",2008,0.522
179,"Wakame nei_50",2009,0
179,"Wakame nei_50",2010,0
179,"Wakame nei_50",2011,0
179,"Wakame nei_50",2012,0
179,"Wakame nei_50",2013,0
179,"Wakame nei_50",2014,0
179,"Wakame nei_50",2015,0
179,"Wakame nei_50",2016,0
179,"Wakame nei_50",2017,0
179,"Wakame nei_50",2018,0
182,"Sea belt_51",2007,19.95
182,"Sea belt_51",2008,9.69
182,"Sea belt_51",2009,3.04
182,"Sea belt_51",2010,0
182,"Sea belt_51",2011,0.133
182,"Sea belt_51",2012,0.57
182,"Sea belt_51",2013,0
182,"Sea belt_51",2014,1.52
182,"Sea belt_51",2015,0.0095
182,"Sea belt_51",2016,0
182,"Sea belt_51",2017,0.3705
182,"Sea belt_51",2018,1.5675
182,"Seaweeds nei_52",2006,0.18
182,"Seaweeds nei_52",2007,0.225
182,"Seaweeds nei_52",2008,0.225
182,"Seaweeds nei_52",2009,0.225
182,"Seaweeds nei_52",2010,0.1875
182,"Seaweeds nei_52",2011,0.255
182,"Seaweeds nei_52",2012,0.252
182,"Seaweeds nei_52",2013,0.27
182,"Seaweeds nei_52",2014,0.219
182,"Seaweeds nei_52",2015,0.1995
182,"Seaweeds nei_52",2016,0
182,"Seaweeds nei_52",2017,0.303
182,"Seaweeds nei_52",2018,0.4815
184,"Gracilaria seaweeds_53",1990,3750
184,"Gracilaria seaweeds_53",1991,3750
184,"Gracilaria seaweeds_53",1992,3750
184,"Gracilaria seaweeds_53",1993,3750
184,"Gracilaria seaweeds_53",1994,3750
184,"Gracilaria seaweeds_53",1995,3750
184,"Gracilaria seaweeds_53",1996,3750
184,"Gracilaria seaweeds_53",1997,3750
184,"Gracilaria seaweeds_53",1998,2250
184,"Gracilaria seaweeds_53",1999,2250
184,"Gracilaria seaweeds_53",2000,2250
184,"Gracilaria seaweeds_53",2001,0
184,"Gracilaria seaweeds_53",2002,0
184,"Gracilaria seaweeds_53",2003,0
184,"Gracilaria seaweeds_53",2004,0
184,"Gracilaria seaweeds_53",2005,0
184,"Gracilaria seaweeds_53",2006,0
184,"Gracilaria seaweeds_53",2007,0
184,"Gracilaria seaweeds_53",2008,0
184,"Gracilaria seaweeds_53",2009,0
184,"Gracilaria seaweeds_53",2010,0
184,"Gracilaria seaweeds_53",2011,0
184,"Gracilaria seaweeds_53",2012,0
184,"Gracilaria seaweeds_53",2013,0
184,"Gracilaria seaweeds_53",2014,0
184,"Gracilaria seaweeds_53",2015,0
184,"Gracilaria seaweeds_53",2016,0
184,"Gracilaria seaweeds_53",2017,0
184,"Gracilaria seaweeds_53",2018,0
202,"Elkhorn sea moss_54",2001,10375.2
202,"Elkhorn sea moss_54",2002,7781.4
202,"Elkhorn sea moss_54",2003,4128.3
202,"Elkhorn sea moss_54",2004,3900.6
202,"Elkhorn sea moss_54",2005,4237.2
202,"Elkhorn sea moss_54",2006,1881
202,"Elkhorn sea moss_54",2007,631.125
202,"Elkhorn sea moss_54",2008,163.35
202,"Elkhorn sea moss_54",2009,203.6925
202,"Elkhorn sea moss_54",2010,126.72
202,"Elkhorn sea moss_54",2011,614.79
202,"Elkhorn sea moss_54",2012,894.96
202,"Elkhorn sea moss_54",2013,1987.92
202,"Elkhorn sea moss_54",2014,5276.7
202,"Elkhorn sea moss_54",2015,5781.6
202,"Elkhorn sea moss_54",2016,11.385
202,"Elkhorn sea moss_54",2017,257.4
202,"Elkhorn sea moss_54",2018,257.4
202,"Eucheuma seaweeds nei_55",1989,900
202,"Eucheuma seaweeds nei_55",1990,900
202,"Eucheuma seaweeds nei_55",1991,900
202,"Eucheuma seaweeds nei_55",1992,900
202,"Eucheuma seaweeds nei_55",1993,900
202,"Eucheuma seaweeds nei_55",1994,900
202,"Eucheuma seaweeds nei_55",1995,900
202,"Eucheuma seaweeds nei_55",1996,900
202,"Eucheuma seaweeds nei_55",1997,900
202,"Eucheuma seaweeds nei_55",1998,900
202,"Eucheuma seaweeds nei_55",1999,1350
202,"Eucheuma seaweeds nei_55",2000,900
202,"Eucheuma seaweeds nei_55",2001,900
202,"Eucheuma seaweeds nei_55",2002,1800
202,"Eucheuma seaweeds nei_55",2003,1800
202,"Eucheuma seaweeds nei_55",2004,2700
202,"Eucheuma seaweeds nei_55",2005,2700
202,"Eucheuma seaweeds nei_55",2006,2880
202,"Eucheuma seaweeds nei_55",2007,3600
202,"Eucheuma seaweeds nei_55",2008,4500
202,"Eucheuma seaweeds nei_55",2009,4968
202,"Eucheuma seaweeds nei_55",2010,6196.5
202,"Eucheuma seaweeds nei_55",2011,5940.72
202,"Eucheuma seaweeds nei_55",2012,5859
202,"Eucheuma seaweeds nei_55",2013,6020.1
202,"Eucheuma seaweeds nei_55",2014,6034.5
202,"Eucheuma seaweeds nei_55",2015,6075
202,"Eucheuma seaweeds nei_55",2016,6750
202,"Eucheuma seaweeds nei_55",2017,7020
202,"Eucheuma seaweeds nei_55",2018,1196.55
202,"Spiny eucheuma_56",1990,7272
202,"Spiny eucheuma_56",1991,22473
202,"Spiny eucheuma_56",1992,19107
202,"Spiny eucheuma_56",1993,15912
202,"Spiny eucheuma_56",1994,22131
202,"Spiny eucheuma_56",1995,35253
202,"Spiny eucheuma_56",1996,42966
202,"Spiny eucheuma_56",1997,33003
202,"Spiny eucheuma_56",1998,38745
202,"Spiny eucheuma_56",1999,33003
202,"Spiny eucheuma_56",2000,44919
202,"Spiny eucheuma_56",2001,64242
202,"Spiny eucheuma_56",2002,93573
202,"Spiny eucheuma_56",2003,81423
202,"Spiny eucheuma_56",2004,61128
202,"Spiny eucheuma_56",2005,62406
202,"Spiny eucheuma_56",2006,67374
202,"Spiny eucheuma_56",2007,75791.25
202,"Spiny eucheuma_56",2008,96984
202,"Spiny eucheuma_56",2009,92228.58
202,"Spiny eucheuma_56",2010,112526.1
202,"Spiny eucheuma_56",2011,116801.1
202,"Spiny eucheuma_56",2012,134974.8
202,"Spiny eucheuma_56",2013,97587
202,"Spiny eucheuma_56",2014,114921
202,"Spiny eucheuma_56",2015,149985
202,"Spiny eucheuma_56",2016,100017
202,"Spiny eucheuma_56",2017,98595
202,"Spiny eucheuma_56",2018,92664
203,"Red seaweeds_57",2001,126
203,"Red seaweeds_57",2002,492
203,"Red seaweeds_57",2003,882
203,"Red seaweeds_57",2004,756
203,"Red seaweeds_57",2005,810
203,"Red seaweeds_57",2006,1464
203,"Red seaweeds_57",2007,1890
203,"Red seaweeds_57",2008,3528
203,"Red seaweeds_57",2009,5190
203,"Red seaweeds_57",2010,3180
203,"Red seaweeds_57",2011,3375
203,"Red seaweeds_57",2012,3375
203,"Red seaweeds_57",2013,3375
203,"Red seaweeds_57",2014,2250
203,"Red seaweeds_57",2015,2250
203,"Red seaweeds_57",2016,1500
203,"Red seaweeds_57",2017,3651.75
203,"Red seaweeds_57",2018,3976.5
205,"Elkhorn sea moss_58",2008,285.12
205,"Elkhorn sea moss_58",2009,1188
205,"Elkhorn sea moss_58",2010,2073.159
205,"Elkhorn sea moss_58",2011,2313.036
205,"Elkhorn sea moss_58",2012,3168
205,"Elkhorn sea moss_58",2013,1584
205,"Elkhorn sea moss_58",2014,2079
205,"Elkhorn sea moss_58",2015,2300.76
205,"Elkhorn sea moss_58",2016,29.6406
205,"Elkhorn sea moss_58",2017,169.5375
205,"Elkhorn sea moss_58",2018,1342.539
206,"Elkhorn sea moss_59",2001,17820
206,"Elkhorn sea moss_59",2002,17820
206,"Elkhorn sea moss_59",2003,23760
206,"Elkhorn sea moss_59",2004,29106
206,"Elkhorn sea moss_59",2005,37620
206,"Elkhorn sea moss_59",2006,56430
206,"Elkhorn sea moss_59",2007,85140
206,"Elkhorn sea moss_59",2008,104940
206,"Elkhorn sea moss_59",2009,131670
206,"Elkhorn sea moss_59",2010,198000
206,"Elkhorn sea moss_59",2011,237055.5
206,"Elkhorn sea moss_59",2012,328175.1
206,"Elkhorn sea moss_59",2013,266736.888
206,"Elkhorn sea moss_59",2014,242878.68
206,"Elkhorn sea moss_59",2015,258152.697
206,"Elkhorn sea moss_59",2016,203929.11
206,"Elkhorn sea moss_59",2017,200935.9242
206,"Elkhorn sea moss_59",2018,172342.368
206,"Spiny eucheuma_60",2001,776.7
206,"Spiny eucheuma_60",2002,783.9
206,"Spiny eucheuma_60",2003,900
206,"Spiny eucheuma_60",2004,1393.2
206,"Spiny eucheuma_60",2005,1800
206,"Spiny eucheuma_60",2006,2700
206,"Spiny eucheuma_60",2007,3842.1
206,"Spiny eucheuma_60",2008,4768.2
206,"Spiny eucheuma_60",2009,5271.3
206,"Spiny eucheuma_60",2010,7102.8
206,"Spiny eucheuma_60",2011,0
206,"Spiny eucheuma_60",2012,0
206,"Spiny eucheuma_60",2013,0
206,"Spiny eucheuma_60",2014,0
206,"Spiny eucheuma_60",2015,0
206,"Spiny eucheuma_60",2016,0
206,"Spiny eucheuma_60",2017,0
206,"Spiny eucheuma_60",2018,0
207,"Elkhorn sea moss_61",1998,4950
207,"Elkhorn sea moss_61",1999,4950
207,"Elkhorn sea moss_61",2000,4950
207,"Elkhorn sea moss_61",2001,4950
207,"Elkhorn sea moss_61",2002,4950
207,"Elkhorn sea moss_61",2003,4950
207,"Elkhorn sea moss_61",2004,4950
207,"Elkhorn sea moss_61",2005,4950
207,"Elkhorn sea moss_61",2006,4950
207,"Elkhorn sea moss_61",2007,4950
207,"Elkhorn sea moss_61",2008,4950
207,"Elkhorn sea moss_61",2009,4950
207,"Elkhorn sea moss_61",2010,4731.21
207,"Elkhorn sea moss_61",2011,4355.01
207,"Elkhorn sea moss_61",2012,5968.71
207,"Elkhorn sea moss_61",2013,5015.34
207,"Elkhorn sea moss_61",2014,4563.9
207,"Elkhorn sea moss_61",2015,3325.41
207,"Elkhorn sea moss_61",2016,1806.255
207,"Elkhorn sea moss_61",2017,1026.135
207,"Elkhorn sea moss_61",2018,5318.874
207,"Gracilaria seaweeds_62",1950,225
207,"Gracilaria seaweeds_62",1951,225
207,"Gracilaria seaweeds_62",1952,225
207,"Gracilaria seaweeds_62",1953,300
207,"Gracilaria seaweeds_62",1954,300
207,"Gracilaria seaweeds_62",1955,300
207,"Gracilaria seaweeds_62",1956,300
207,"Gracilaria seaweeds_62",1957,375
207,"Gracilaria seaweeds_62",1958,375
207,"Gracilaria seaweeds_62",1959,375
207,"Gracilaria seaweeds_62",1960,375
207,"Gracilaria seaweeds_62",1961,375
207,"Gracilaria seaweeds_62",1962,375
207,"Gracilaria seaweeds_62",1963,375
207,"Gracilaria seaweeds_62",1964,450
207,"Gracilaria seaweeds_62",1965,450
207,"Gracilaria seaweeds_62",1966,450
207,"Gracilaria seaweeds_62",1967,450
207,"Gracilaria seaweeds_62",1968,450
207,"Gracilaria seaweeds_62",1969,450
207,"Gracilaria seaweeds_62",1970,450
207,"Gracilaria seaweeds_62",1971,600
207,"Gracilaria seaweeds_62",1972,600
207,"Gracilaria seaweeds_62",1973,600
207,"Gracilaria seaweeds_62",1974,600
207,"Gracilaria seaweeds_62",1975,600
207,"Gracilaria seaweeds_62",1976,600
207,"Gracilaria seaweeds_62",1977,600
207,"Gracilaria seaweeds_62",1978,750
207,"Gracilaria seaweeds_62",1979,750
207,"Gracilaria seaweeds_62",1980,750
207,"Gracilaria seaweeds_62",1981,750
207,"Gracilaria seaweeds_62",1982,750
207,"Gracilaria seaweeds_62",1983,750
207,"Gracilaria seaweeds_62",1984,750
207,"Gracilaria seaweeds_62",1985,1125
207,"Gracilaria seaweeds_62",1986,1275
207,"Gracilaria seaweeds_62",1987,1275
207,"Gracilaria seaweeds_62",1988,1275
207,"Gracilaria seaweeds_62",1989,1275
207,"Gracilaria seaweeds_62",1990,1500
207,"Gracilaria seaweeds_62",1991,2250
207,"Gracilaria seaweeds_62",1992,3750
207,"Gracilaria seaweeds_62",1993,3750
207,"Gracilaria seaweeds_62",1994,4500
207,"Gracilaria seaweeds_62",1995,6000
207,"Gracilaria seaweeds_62",1996,6750
207,"Gracilaria seaweeds_62",1997,7500
207,"Gracilaria seaweeds_62",1998,7500
207,"Gracilaria seaweeds_62",1999,7500
207,"Gracilaria seaweeds_62",2000,7500
207,"Gracilaria seaweeds_62",2001,7500
207,"Gracilaria seaweeds_62",2002,7500
207,"Gracilaria seaweeds_62",2003,7500
207,"Gracilaria seaweeds_62",2004,7500
207,"Gracilaria seaweeds_62",2005,7500
207,"Gracilaria seaweeds_62",2006,7500
207,"Gracilaria seaweeds_62",2007,7500
207,"Gracilaria seaweeds_62",2008,7500
207,"Gracilaria seaweeds_62",2009,7500
207,"Gracilaria seaweeds_62",2010,10081.5
207,"Gracilaria seaweeds_62",2011,8271.75
207,"Gracilaria seaweeds_62",2012,10248.75
207,"Gracilaria seaweeds_62",2013,7139.25
207,"Gracilaria seaweeds_62",2014,7956.75
207,"Gracilaria seaweeds_62",2015,7304.25
207,"Gracilaria seaweeds_62",2016,7014.75
207,"Gracilaria seaweeds_62",2017,7335.75
207,"Gracilaria seaweeds_62",2018,10462.425
209,"Brown seaweeds_63",1978,2213.5
209,"Brown seaweeds_63",1979,3231.5
209,"Brown seaweeds_63",1980,3646.5
209,"Brown seaweeds_63",1981,3495
209,"Brown seaweeds_63",1982,3421
209,"Brown seaweeds_63",1983,5599.5
209,"Brown seaweeds_63",1984,18045
209,"Brown seaweeds_63",1985,33750
209,"Brown seaweeds_63",1986,91945
209,"Brown seaweeds_63",1987,78965
209,"Brown seaweeds_63",1988,95335
209,"Brown seaweeds_63",1989,57560
209,"Brown seaweeds_63",1990,97880
209,"Brown seaweeds_63",1991,143105
209,"Brown seaweeds_63",1992,214685
209,"Brown seaweeds_63",1993,301665
209,"Brown seaweeds_63",1994,335810
209,"Brown seaweeds_63",1995,317120
209,"Brown seaweeds_63",1996,235507.5
209,"Brown seaweeds_63",1997,216348.5
209,"Brown seaweeds_63",1998,881835.5
209,"Brown seaweeds_63",1999,1054316.5
209,"Brown seaweeds_63",2000,1424889.5
209,"Brown seaweeds_63",2001,1575307.5
209,"Brown seaweeds_63",2002,1722517.5
209,"Brown seaweeds_63",2003,1106376.5
209,"Brown seaweeds_63",2004,1109064
209,"Brown seaweeds_63",2005,913469.5
209,"Brown seaweeds_63",2006,1154785
209,"Brown seaweeds_63",2007,1132525
209,"Brown seaweeds_63",2008,1217460
209,"Brown seaweeds_63",2009,1223417
209,"Brown seaweeds_63",2010,1509790
209,"Brown seaweeds_63",2011,1368031
209,"Brown seaweeds_63",2012,1338375
209,"Brown seaweeds_63",2013,1359561
209,"Brown seaweeds_63",2014,201228.5
209,"Brown seaweeds_63",2015,217086
209,"Brown seaweeds_63",2016,401595
209,"Brown seaweeds_63",2017,332265
209,"Brown seaweeds_63",2018,443210
209,"Dark green nori_64",2003,24.34
209,"Dark green nori_64",2004,28.7
209,"Dark green nori_64",2005,55.46
209,"Dark green nori_64",2006,101.6
209,"Dark green nori_64",2007,105.5
209,"Dark green nori_64",2008,125.4
209,"Dark green nori_64",2009,104.78
209,"Dark green nori_64",2010,108.21
209,"Dark green nori_64",2011,86.74
209,"Dark green nori_64",2012,85.29
209,"Dark green nori_64",2013,42.02
209,"Dark green nori_64",2014,9.56
209,"Dark green nori_64",2015,9.58
209,"Dark green nori_64",2016,35.4
209,"Dark green nori_64",2017,34
209,"Dark green nori_64",2018,0
209,"Eucheuma seaweeds nei_65",2003,57611.7
209,"Eucheuma seaweeds nei_65",2004,77029.2
209,"Eucheuma seaweeds nei_65",2005,83872.8
209,"Eucheuma seaweeds nei_65",2006,75672
209,"Eucheuma seaweeds nei_65",2007,78156
209,"Eucheuma seaweeds nei_65",2008,60516
209,"Eucheuma seaweeds nei_65",2009,58625.1
209,"Eucheuma seaweeds nei_65",2010,56125.8
209,"Eucheuma seaweeds nei_65",2011,53016.3
209,"Eucheuma seaweeds nei_65",2012,82690.2
209,"Eucheuma seaweeds nei_65",2013,79731
209,"Eucheuma seaweeds nei_65",2014,36866.7
209,"Eucheuma seaweeds nei_65",2015,43146
209,"Eucheuma seaweeds nei_65",2016,46026
209,"Eucheuma seaweeds nei_65",2017,50661
209,"Eucheuma seaweeds nei_65",2018,16380
209,"Gracilaria seaweeds_66",2003,331812
209,"Gracilaria seaweeds_66",2004,583292.25
209,"Gracilaria seaweeds_66",2005,646606.5
209,"Gracilaria seaweeds_66",2006,666630
209,"Gracilaria seaweeds_66",2007,745882.5
209,"Gracilaria seaweeds_66",2008,858345
209,"Gracilaria seaweeds_66",2009,929286.75
209,"Gracilaria seaweeds_66",2010,835002
209,"Gracilaria seaweeds_66",2011,1082052.75
209,"Gracilaria seaweeds_66",2012,1414235.25
209,"Gracilaria seaweeds_66",2013,1766673
209,"Gracilaria seaweeds_66",2014,1879670.25
209,"Gracilaria seaweeds_66",2015,1940706
209,"Gracilaria seaweeds_66",2016,2149372.5
209,"Gracilaria seaweeds_66",2017,2315055
209,"Gracilaria seaweeds_66",2018,2477580
209,"Japanese isinglass_67",2003,823.65
209,"Japanese isinglass_67",2004,955.7
209,"Japanese isinglass_67",2005,831.25
209,"Japanese isinglass_67",2006,2850
209,"Japanese isinglass_67",2007,950
209,"Japanese isinglass_67",2008,1140
209,"Japanese isinglass_67",2009,1126.7
209,"Japanese isinglass_67",2010,1106.75
209,"Japanese isinglass_67",2011,0
209,"Japanese isinglass_67",2012,3750.6
209,"Japanese isinglass_67",2013,0
209,"Japanese isinglass_67",2014,0
209,"Japanese isinglass_67",2015,0
209,"Japanese isinglass_67",2016,0
209,"Japanese isinglass_67",2017,0
209,"Japanese isinglass_67",2018,0
209,"Japanese kelp_68",1952,44.3
209,"Japanese kelp_68",1953,93
209,"Japanese kelp_68",1954,206.7
209,"Japanese kelp_68",1955,428.2
209,"Japanese kelp_68",1956,453.7
209,"Japanese kelp_68",1957,1755
209,"Japanese kelp_68",1958,5072.8
209,"Japanese kelp_68",1959,19695.9
209,"Japanese kelp_68",1960,33800
209,"Japanese kelp_68",1961,33800
209,"Japanese kelp_68",1962,33800
209,"Japanese kelp_68",1963,40560
209,"Japanese kelp_68",1964,54080
209,"Japanese kelp_68",1965,54080
209,"Japanese kelp_68",1966,67600
209,"Japanese kelp_68",1967,67600
209,"Japanese kelp_68",1968,67600
209,"Japanese kelp_68",1969,81120
209,"Japanese kelp_68",1970,71629
209,"Japanese kelp_68",1971,90557
209,"Japanese kelp_68",1972,107308.2
209,"Japanese kelp_68",1973,90408.2
209,"Japanese kelp_68",1974,97821.9
209,"Japanese kelp_68",1975,108120.1
209,"Japanese kelp_68",1976,101688
209,"Japanese kelp_68",1977,150214.6
209,"Japanese kelp_68",1978,169954.5
209,"Japanese kelp_68",1979,162332.6
209,"Japanese kelp_68",1980,170965.1
209,"Japanese kelp_68",1981,148394.2
209,"Japanese kelp_68",1982,148015.6
209,"Japanese kelp_68",1983,156356.1
209,"Japanese kelp_68",1984,169446.8
209,"Japanese kelp_68",1985,171595.2
209,"Japanese kelp_68",1986,137523.4
209,"Japanese kelp_68",1987,120936.4
209,"Japanese kelp_68",1988,146296.5
209,"Japanese kelp_68",1989,184489.2
209,"Japanese kelp_68",1990,165150.9
209,"Japanese kelp_68",1991,241102.2
209,"Japanese kelp_68",1992,334031.2
209,"Japanese kelp_68",1993,406835.1
209,"Japanese kelp_68",1994,428517.1
209,"Japanese kelp_68",1995,435645.5
209,"Japanese kelp_68",1996,502839.9
209,"Japanese kelp_68",1997,498338.5
209,"Japanese kelp_68",1998,485614.7
209,"Japanese kelp_68",1999,538453.7
209,"Japanese kelp_68",2000,495292.1
209,"Japanese kelp_68",2001,473684.8
209,"Japanese kelp_68",2002,498583
209,"Japanese kelp_68",2003,484548.6
209,"Japanese kelp_68",2004,473843.7
209,"Japanese kelp_68",2005,510194.9
209,"Japanese kelp_68",2006,515106.6
209,"Japanese kelp_68",2007,524218.4
209,"Japanese kelp_68",2008,539279.7
209,"Japanese kelp_68",2009,553243.1
209,"Japanese kelp_68",2010,579672.8
209,"Japanese kelp_68",2011,585217.5
209,"Japanese kelp_68",2012,634185.1
209,"Japanese kelp_68",2013,658482.7
209,"Japanese kelp_68",2014,879327.5
209,"Japanese kelp_68",2015,933238.9
209,"Japanese kelp_68",2016,968766.812
209,"Japanese kelp_68",2017,1004972.02
209,"Japanese kelp_68",2018,1029235
209,"Nori nei_69",1971,350
209,"Nori nei_69",1972,351
209,"Nori nei_69",1973,407
209,"Nori nei_69",1974,378.3
209,"Nori nei_69",1975,446.6
209,"Nori nei_69",1976,539.5
209,"Nori nei_69",1977,919.1
209,"Nori nei_69",1978,842.7
209,"Nori nei_69",1979,663
209,"Nori nei_69",1980,721.2
209,"Nori nei_69",1981,702.9
209,"Nori nei_69",1982,681.5
209,"Nori nei_69",1983,998.7
209,"Nori nei_69",1984,1007
209,"Nori nei_69",1985,919.7
209,"Nori nei_69",1986,848.3
209,"Nori nei_69",1987,931.7
209,"Nori nei_69",1988,922.1
209,"Nori nei_69",1989,925.5
209,"Nori nei_69",1990,529.4
209,"Nori nei_69",1991,1164.8
209,"Nori nei_69",1992,1589.9
209,"Nori nei_69",1993,1932.3
209,"Nori nei_69",1994,2900
209,"Nori nei_69",1995,3061.5
209,"Nori nei_69",1996,3036.8
209,"Nori nei_69",1997,3001.3
209,"Nori nei_69",1998,3301.37
209,"Nori nei_69",1999,3661.84
209,"Nori nei_69",2000,4249.13
209,"Nori nei_69",2001,5129.7
209,"Nori nei_69",2002,5877.5
209,"Nori nei_69",2003,6369.14
209,"Nori nei_69",2004,7088.63
209,"Nori nei_69",2005,7030.93
209,"Nori nei_69",2006,8221
209,"Nori nei_69",2007,9041.7
209,"Nori nei_69",2008,8146.6
209,"Nori nei_69",2009,10623.43
209,"Nori nei_69",2010,10406.77
209,"Nori nei_69",2011,9793.54
209,"Nori nei_69",2012,10764.05
209,"Nori nei_69",2013,10901.49
209,"Nori nei_69",2014,10911.65
209,"Nori nei_69",2015,11099.03
209,"Nori nei_69",2016,13128.5
209,"Nori nei_69",2017,17330.5
209,"Nori nei_69",2018,20177.9
209,"Wakame_70",2003,15111.35
209,"Wakame_70",2004,19214.66
209,"Wakame_70",2005,20947.59
209,"Wakame_70",2006,16463
209,"Wakame_70",2007,14022.7
209,"Wakame_70",2008,13202.1
209,"Wakame_70",2009,13088.84
209,"Wakame_70",2010,10590.97
209,"Wakame_70",2011,12789.41
209,"Wakame_70",2012,16781.17
209,"Wakame_70",2013,16281.5
209,"Wakame_70",2014,19410.76
209,"Wakame_70",2015,18438.7
209,"Wakame_70",2016,15195.3
209,"Wakame_70",2017,16679.5
209,"Wakame_70",2018,17550.3
210,"Japanese kelp_71",1950,471.7
210,"Japanese kelp_71",1951,300
210,"Japanese kelp_71",1952,200
210,"Japanese kelp_71",1953,200
210,"Japanese kelp_71",1954,200
210,"Japanese kelp_71",1955,200
210,"Japanese kelp_71",1956,220
210,"Japanese kelp_71",1957,100
210,"Japanese kelp_71",1958,100
210,"Japanese kelp_71",1959,150
210,"Japanese kelp_71",1960,100
210,"Japanese kelp_71",1961,80
210,"Japanese kelp_71",1962,150
210,"Japanese kelp_71",1963,60
210,"Japanese kelp_71",1964,60
210,"Japanese kelp_71",1965,60
210,"Japanese kelp_71",1966,80
210,"Japanese kelp_71",1967,70
210,"Japanese kelp_71",1968,50
210,"Japanese kelp_71",1969,50
210,"Japanese kelp_71",1970,28.4
210,"Japanese kelp_71",1971,66.5
210,"Japanese kelp_71",1972,334
210,"Japanese kelp_71",1973,768.1
210,"Japanese kelp_71",1974,1020.1
210,"Japanese kelp_71",1975,1575.9
210,"Japanese kelp_71",1976,2208.7
210,"Japanese kelp_71",1977,2724.9
210,"Japanese kelp_71",1978,2189
210,"Japanese kelp_71",1979,2529.1
210,"Japanese kelp_71",1980,3856.2
210,"Japanese kelp_71",1981,4422.1
210,"Japanese kelp_71",1982,4298
210,"Japanese kelp_71",1983,4434.5
210,"Japanese kelp_71",1984,6275.6
210,"Japanese kelp_71",1985,5359.3
210,"Japanese kelp_71",1986,5414.3
210,"Japanese kelp_71",1987,4958.2
210,"Japanese kelp_71",1988,5969.6
210,"Japanese kelp_71",1989,6438.3
210,"Japanese kelp_71",1990,5429.7
210,"Japanese kelp_71",1991,4261.9
210,"Japanese kelp_71",1992,7292.4
210,"Japanese kelp_71",1993,5996.6
210,"Japanese kelp_71",1994,5775.7
210,"Japanese kelp_71",1995,5505.6
210,"Japanese kelp_71",1996,6112.1
210,"Japanese kelp_71",1997,6010.3
210,"Japanese kelp_71",1998,5012.3
210,"Japanese kelp_71",1999,4825.1
210,"Japanese kelp_71",2000,5384.6
210,"Japanese kelp_71",2001,6320
210,"Japanese kelp_71",2002,5112.8
210,"Japanese kelp_71",2003,5097.8
210,"Japanese kelp_71",2004,4725.6
210,"Japanese kelp_71",2005,4448.9
210,"Japanese kelp_71",2006,4133.9
210,"Japanese kelp_71",2007,4135.6
210,"Japanese kelp_71",2008,4693.7
210,"Japanese kelp_71",2009,4039.7
210,"Japanese kelp_71",2010,4325.1
210,"Japanese kelp_71",2011,2509.5
210,"Japanese kelp_71",2012,3414.7
210,"Japanese kelp_71",2013,3541
210,"Japanese kelp_71",2014,3289.7
210,"Japanese kelp_71",2015,3867.1
210,"Japanese kelp_71",2016,2706.8
210,"Japanese kelp_71",2017,3246.3
210,"Japanese kelp_71",2018,3330
210,"Laver (Nori)_72",1950,210
210,"Laver (Nori)_72",1951,245
210,"Laver (Nori)_72",1952,420
210,"Laver (Nori)_72",1953,377.55
210,"Laver (Nori)_72",1954,429.75
210,"Laver (Nori)_72",1955,561.9
210,"Laver (Nori)_72",1956,656.02
210,"Laver (Nori)_72",1957,1002.75
210,"Laver (Nori)_72",1958,625.15
210,"Laver (Nori)_72",1959,752.09
210,"Laver (Nori)_72",1960,1004.57
210,"Laver (Nori)_72",1961,1473.79
210,"Laver (Nori)_72",1962,1546.31
210,"Laver (Nori)_72",1963,1445.31
210,"Laver (Nori)_72",1964,1118.51
210,"Laver (Nori)_72",1965,1407.53
210,"Laver (Nori)_72",1966,1284.4
210,"Laver (Nori)_72",1967,1575.5
210,"Laver (Nori)_72",1968,1449.69
210,"Laver (Nori)_72",1969,1343.2
210,"Laver (Nori)_72",1970,2314.64
210,"Laver (Nori)_72",1971,2449.46
210,"Laver (Nori)_72",1972,2179.06
210,"Laver (Nori)_72",1973,3114.1
210,"Laver (Nori)_72",1974,3393.14
210,"Laver (Nori)_72",1975,2781.27
210,"Laver (Nori)_72",1976,2910.5
210,"Laver (Nori)_72",1977,2790.31
210,"Laver (Nori)_72",1978,3504.71
210,"Laver (Nori)_72",1979,3256.86
210,"Laver (Nori)_72",1980,3576.72
210,"Laver (Nori)_72",1981,3405.1
210,"Laver (Nori)_72",1982,2633.12
210,"Laver (Nori)_72",1983,3606.94
210,"Laver (Nori)_72",1984,3965.3
210,"Laver (Nori)_72",1985,3517.88
210,"Laver (Nori)_72",1986,4031.12
210,"Laver (Nori)_72",1987,3212.38
210,"Laver (Nori)_72",1988,4428.06
210,"Laver (Nori)_72",1989,4032.9
210,"Laver (Nori)_72",1990,3872.45
210,"Laver (Nori)_72",1991,4033.63
210,"Laver (Nori)_72",1992,3828.05
210,"Laver (Nori)_72",1993,3629.55
210,"Laver (Nori)_72",1994,4831.96
210,"Laver (Nori)_72",1995,4070.05
210,"Laver (Nori)_72",1996,3727
210,"Laver (Nori)_72",1997,3926.22
210,"Laver (Nori)_72",1998,3966.15
210,"Laver (Nori)_72",1999,4098.5
210,"Laver (Nori)_72",2000,3916.81
210,"Laver (Nori)_72",2001,3731.21
210,"Laver (Nori)_72",2002,4360.31
210,"Laver (Nori)_72",2003,3473.54
210,"Laver (Nori)_72",2004,3589.29
210,"Laver (Nori)_72",2005,3865.74
210,"Laver (Nori)_72",2006,3676.78
210,"Laver (Nori)_72",2007,3957.77
210,"Laver (Nori)_72",2008,3385.23
210,"Laver (Nori)_72",2009,3426.2
210,"Laver (Nori)_72",2010,3287
210,"Laver (Nori)_72",2011,2923.45
210,"Laver (Nori)_72",2012,3415.8
210,"Laver (Nori)_72",2013,3162.28
210,"Laver (Nori)_72",2014,2761.29
210,"Laver (Nori)_72",2015,2973.7
210,"Laver (Nori)_72",2016,3006.83
210,"Laver (Nori)_72",2017,3043.08
210,"Laver (Nori)_72",2018,2842
210,"Seaweeds nei_73",1977,9.6
210,"Seaweeds nei_73",1978,29.1
210,"Seaweeds nei_73",1979,174.15
210,"Seaweeds nei_73",1980,435.6
210,"Seaweeds nei_73",1981,799.35
210,"Seaweeds nei_73",1982,283.2
210,"Seaweeds nei_73",1983,348.9
210,"Seaweeds nei_73",1984,584.1
210,"Seaweeds nei_73",1985,732
210,"Seaweeds nei_73",1986,840.9
210,"Seaweeds nei_73",1987,1124.1
210,"Seaweeds nei_73",1988,799.95
210,"Seaweeds nei_73",1989,1413.3
210,"Seaweeds nei_73",1990,1581.6
210,"Seaweeds nei_73",1991,1557
210,"Seaweeds nei_73",1992,1548.9
210,"Seaweeds nei_73",1993,2029.95
210,"Seaweeds nei_73",1994,1500
210,"Seaweeds nei_73",1995,1122.45
210,"Seaweeds nei_73",1996,1122.9
210,"Seaweeds nei_73",1997,1536.75
210,"Seaweeds nei_73",1998,902.85
210,"Seaweeds nei_73",1999,3096.3
210,"Seaweeds nei_73",2000,2455.65
210,"Seaweeds nei_73",2001,2722.5
210,"Seaweeds nei_73",2002,2547
210,"Seaweeds nei_73",2003,2925.45
210,"Seaweeds nei_73",2004,2395.2
210,"Seaweeds nei_73",2005,2039.55
210,"Seaweeds nei_73",2006,3292.95
210,"Seaweeds nei_73",2007,3387.3
210,"Seaweeds nei_73",2008,2395.2
210,"Seaweeds nei_73",2009,1829.1
210,"Seaweeds nei_73",2010,1267.8
210,"Seaweeds nei_73",2011,2031.9
210,"Seaweeds nei_73",2012,2502.6
210,"Seaweeds nei_73",2013,2416.95
210,"Seaweeds nei_73",2014,3024.9
210,"Seaweeds nei_73",2015,2278.2
210,"Seaweeds nei_73",2016,2367.75
210,"Seaweeds nei_73",2017,2992.35
210,"Seaweeds nei_73",2018,3375
210,"Wakame_74",1950,66.03
210,"Wakame_74",1951,60
210,"Wakame_74",1952,60
210,"Wakame_74",1953,60
210,"Wakame_74",1954,65
210,"Wakame_74",1955,65
210,"Wakame_74",1956,65
210,"Wakame_74",1957,70
210,"Wakame_74",1958,80
210,"Wakame_74",1959,80
210,"Wakame_74",1960,95
210,"Wakame_74",1961,90
210,"Wakame_74",1962,95
210,"Wakame_74",1963,100
210,"Wakame_74",1964,110
210,"Wakame_74",1965,125.37
210,"Wakame_74",1966,378.09
210,"Wakame_74",1967,580.8
210,"Wakame_74",1968,766.98
210,"Wakame_74",1969,598.21
210,"Wakame_74",1970,763.58
210,"Wakame_74",1971,951.55
210,"Wakame_74",1972,1057.95
210,"Wakame_74",1973,1132.11
210,"Wakame_74",1974,1537.62
210,"Wakame_74",1975,1019.37
210,"Wakame_74",1976,1267.23
210,"Wakame_74",1977,1258.33
210,"Wakame_74",1978,1026.82
210,"Wakame_74",1979,1037.91
210,"Wakame_74",1980,1135.32
210,"Wakame_74",1981,912.82
210,"Wakame_74",1982,1183.4
210,"Wakame_74",1983,1128.35
210,"Wakame_74",1984,1145.86
210,"Wakame_74",1985,1123.75
210,"Wakame_74",1986,1356.21
210,"Wakame_74",1987,1159.18
210,"Wakame_74",1988,1105.39
210,"Wakame_74",1989,1084.51
210,"Wakame_74",1990,1129.74
210,"Wakame_74",1991,990.92
210,"Wakame_74",1992,1123.02
210,"Wakame_74",1993,895.81
210,"Wakame_74",1994,882.8
210,"Wakame_74",1995,995.71
210,"Wakame_74",1996,783.68
210,"Wakame_74",1997,700.52
210,"Wakame_74",1998,706.69
210,"Wakame_74",1999,770.64
210,"Wakame_74",2000,666.76
210,"Wakame_74",2001,569.77
210,"Wakame_74",2002,538.13
210,"Wakame_74",2003,598.7
210,"Wakame_74",2004,622.36
210,"Wakame_74",2005,630.82
210,"Wakame_74",2006,590.92
210,"Wakame_74",2007,542.49
210,"Wakame_74",2008,549.09
210,"Wakame_74",2009,612.15
210,"Wakame_74",2010,523.93
210,"Wakame_74",2011,187.51
210,"Wakame_74",2012,483.43
210,"Wakame_74",2013,506.14
210,"Wakame_74",2014,447.16
210,"Wakame_74",2015,489.51
210,"Wakame_74",2016,476.72
210,"Wakame_74",2017,511.14
210,"Wakame_74",2018,498
212,"Eucheuma seaweeds nei_75",1986,1350
212,"Eucheuma seaweeds nei_75",1987,291.6
212,"Eucheuma seaweeds nei_75",1988,369.9
212,"Eucheuma seaweeds nei_75",1989,1072.8
212,"Eucheuma seaweeds nei_75",1990,4572
212,"Eucheuma seaweeds nei_75",1991,7351.2
212,"Eucheuma seaweeds nei_75",1992,3124.8
212,"Eucheuma seaweeds nei_75",1993,1468.8
212,"Eucheuma seaweeds nei_75",1994,2851.2
212,"Eucheuma seaweeds nei_75",1995,4723.2
212,"Eucheuma seaweeds nei_75",1996,8532
212,"Eucheuma seaweeds nei_75",1997,6638.4
212,"Eucheuma seaweeds nei_75",1998,5344.2
212,"Eucheuma seaweeds nei_75",1999,8456.4
212,"Eucheuma seaweeds nei_75",2000,10056.6
212,"Eucheuma seaweeds nei_75",2001,8337.6
212,"Eucheuma seaweeds nei_75",2002,3823.2
212,"Eucheuma seaweeds nei_75",2003,3513.6
212,"Eucheuma seaweeds nei_75",2004,3513.6
212,"Eucheuma seaweeds nei_75",2005,4500
212,"Eucheuma seaweeds nei_75",2006,7953.3
212,"Eucheuma seaweeds nei_75",2007,1000.8
212,"Eucheuma seaweeds nei_75",2008,974.25
212,"Eucheuma seaweeds nei_75",2009,1609.02
212,"Eucheuma seaweeds nei_75",2010,4270.5
212,"Eucheuma seaweeds nei_75",2011,3861
212,"Eucheuma seaweeds nei_75",2012,7452
212,"Eucheuma seaweeds nei_75",2013,2025
212,"Eucheuma seaweeds nei_75",2014,3222
212,"Eucheuma seaweeds nei_75",2015,3240
212,"Eucheuma seaweeds nei_75",2016,3285
212,"Eucheuma seaweeds nei_75",2017,3285
212,"Eucheuma seaweeds nei_75",2018,3285
216,"Eucheuma seaweeds nei_76",2000,177504.3
216,"Eucheuma seaweeds nei_76",2001,182225.7
216,"Eucheuma seaweeds nei_76",2002,191772
216,"Eucheuma seaweeds nei_76",2003,199710
216,"Eucheuma seaweeds nei_76",2004,358167.6
216,"Eucheuma seaweeds nei_76",2005,779744.7
216,"Eucheuma seaweeds nei_76",2006,945000
216,"Eucheuma seaweeds nei_76",2007,1337088.6
216,"Eucheuma seaweeds nei_76",2008,1743831.9
216,"Eucheuma seaweeds nei_76",2009,2512519.2
216,"Eucheuma seaweeds nei_76",2010,3059492.4
216,"Eucheuma seaweeds nei_76",2011,4085471.7
216,"Eucheuma seaweeds nei_76",2012,5164819.2
216,"Eucheuma seaweeds nei_76",2013,7490936.7
216,"Eucheuma seaweeds nei_76",2014,8074316.7
216,"Eucheuma seaweeds nei_76",2015,9100896.3
216,"Eucheuma seaweeds nei_76",2016,8722710.891
216,"Eucheuma seaweeds nei_76",2017,8539692.3
216,"Eucheuma seaweeds nei_76",2018,8284251.6
216,"Gracilaria seaweeds_77",2000,6000
216,"Gracilaria seaweeds_77",2001,7500
216,"Gracilaria seaweeds_77",2002,7500
216,"Gracilaria seaweeds_77",2003,7500
216,"Gracilaria seaweeds_77",2004,9454.5
216,"Gracilaria seaweeds_77",2005,33189.75
216,"Gracilaria seaweeds_77",2006,90000
216,"Gracilaria seaweeds_77",2007,182115.75
216,"Gracilaria seaweeds_77",2008,155602.5
216,"Gracilaria seaweeds_77",2009,128901
216,"Gracilaria seaweeds_77",2010,386685.75
216,"Gracilaria seaweeds_77",2011,473091
216,"Gracilaria seaweeds_77",2012,582124.5
216,"Gracilaria seaweeds_77",2013,731408.25
216,"Gracilaria seaweeds_77",2014,829146.45
216,"Gracilaria seaweeds_77",2015,867925.5
216,"Gracilaria seaweeds_77",2016,1018800.18
216,"Gracilaria seaweeds_77",2017,794253.75
216,"Gracilaria seaweeds_77",2018,86680.5
216,"Red seaweeds_78",1950,7.5
216,"Red seaweeds_78",1951,15
216,"Red seaweeds_78",1952,15
216,"Red seaweeds_78",1953,22.5
216,"Red seaweeds_78",1954,30
216,"Red seaweeds_78",1955,37.5
216,"Red seaweeds_78",1956,45
216,"Red seaweeds_78",1957,60
216,"Red seaweeds_78",1958,75
216,"Red seaweeds_78",1959,90
216,"Red seaweeds_78",1960,120
216,"Red seaweeds_78",1961,150
216,"Red seaweeds_78",1962,195
216,"Red seaweeds_78",1963,247.5
216,"Red seaweeds_78",1964,315
216,"Red seaweeds_78",1965,405
216,"Red seaweeds_78",1966,517.5
216,"Red seaweeds_78",1967,660
216,"Red seaweeds_78",1968,847.5
216,"Red seaweeds_78",1969,1080
216,"Red seaweeds_78",1970,1379.25
216,"Red seaweeds_78",1971,2436
216,"Red seaweeds_78",1972,2286.75
216,"Red seaweeds_78",1973,2367
216,"Red seaweeds_78",1974,2256
216,"Red seaweeds_78",1975,6319.5
216,"Red seaweeds_78",1976,16358.25
216,"Red seaweeds_78",1977,20394
216,"Red seaweeds_78",1978,24360
216,"Red seaweeds_78",1979,28255.5
216,"Red seaweeds_78",1980,32080.5
216,"Red seaweeds_78",1981,35835
216,"Red seaweeds_78",1982,39519.75
216,"Red seaweeds_78",1983,43134
216,"Red seaweeds_78",1984,45000
216,"Red seaweeds_78",1985,43662.75
216,"Red seaweeds_78",1986,58096.5
216,"Red seaweeds_78",1987,60000
216,"Red seaweeds_78",1988,63750
216,"Red seaweeds_78",1989,60000
216,"Red seaweeds_78",1990,75000
216,"Red seaweeds_78",1991,67500
216,"Red seaweeds_78",1992,71250
216,"Red seaweeds_78",1993,82500
216,"Red seaweeds_78",1994,76500
216,"Red seaweeds_78",1995,76500
216,"Red seaweeds_78",1996,111000
216,"Red seaweeds_78",1997,86250
216,"Red seaweeds_78",1998,87907.5
216,"Red seaweeds_78",1999,100290
216,"Red seaweeds_78",2000,0
216,"Red seaweeds_78",2001,0
216,"Red seaweeds_78",2002,0
216,"Red seaweeds_78",2003,0
216,"Red seaweeds_78",2004,0
216,"Red seaweeds_78",2005,0
216,"Red seaweeds_78",2006,0
216,"Red seaweeds_78",2007,0
216,"Red seaweeds_78",2008,0
216,"Red seaweeds_78",2009,0
216,"Red seaweeds_78",2010,0
216,"Red seaweeds_78",2011,0
216,"Red seaweeds_78",2012,0
216,"Red seaweeds_78",2013,0
216,"Red seaweeds_78",2014,0
216,"Red seaweeds_78",2015,0
216,"Red seaweeds_78",2016,0
216,"Red seaweeds_78",2017,0
216,"Red seaweeds_78",2018,0
223,"Sea belt_79",2015,46.55
223,"Sea belt_79",2016,31.711
223,"Sea belt_79",2017,132.753
223,"Sea belt_79",2018,164.9105
224,"Giant kelp_80",2008,0.9
224,"Giant kelp_80",2009,4.5
224,"Giant kelp_80",2010,10.8
224,"Giant kelp_80",2011,0
224,"Giant kelp_80",2012,0
224,"Giant kelp_80",2013,0
224,"Giant kelp_80",2014,1.8
224,"Giant kelp_80",2015,0
224,"Giant kelp_80",2016,0
224,"Giant kelp_80",2017,0
224,"Giant kelp_80",2018,0.459
224,"Gracilaria seaweeds_81",1970,1.5
224,"Gracilaria seaweeds_81",1971,9
224,"Gracilaria seaweeds_81",1972,23.25
224,"Gracilaria seaweeds_81",1973,87.75
224,"Gracilaria seaweeds_81",1974,131.25
224,"Gracilaria seaweeds_81",1975,193.5
224,"Gracilaria seaweeds_81",1976,279.75
224,"Gracilaria seaweeds_81",1977,400.5
224,"Gracilaria seaweeds_81",1978,566.25
224,"Gracilaria seaweeds_81",1979,790.5
224,"Gracilaria seaweeds_81",1980,1091.25
224,"Gracilaria seaweeds_81",1981,1492.5
224,"Gracilaria seaweeds_81",1982,2295
224,"Gracilaria seaweeds_81",1983,927.75
224,"Gracilaria seaweeds_81",1984,5100
224,"Gracilaria seaweeds_81",1985,3693
224,"Gracilaria seaweeds_81",1986,3999
224,"Gracilaria seaweeds_81",1987,6883.5
224,"Gracilaria seaweeds_81",1988,17331.75
224,"Gracilaria seaweeds_81",1989,27112.5
224,"Gracilaria seaweeds_81",1990,28512.75
224,"Gracilaria seaweeds_81",1991,43259.25
224,"Gracilaria seaweeds_81",1992,35855.25
224,"Gracilaria seaweeds_81",1993,36486
224,"Gracilaria seaweeds_81",1994,49340.25
224,"Gracilaria seaweeds_81",1995,36887.25
224,"Gracilaria seaweeds_81",1996,78909
224,"Gracilaria seaweeds_81",1997,77075.25
224,"Gracilaria seaweeds_81",1998,51289.5
224,"Gracilaria seaweeds_81",1999,23458.5
224,"Gracilaria seaweeds_81",2000,25103.25
224,"Gracilaria seaweeds_81",2001,49153.5
224,"Gracilaria seaweeds_81",2002,53736
224,"Gracilaria seaweeds_81",2003,30037.5
224,"Gracilaria seaweeds_81",2004,15199.5
224,"Gracilaria seaweeds_81",2005,11619
224,"Gracilaria seaweeds_81",2006,25189.5
224,"Gracilaria seaweeds_81",2007,17751
224,"Gracilaria seaweeds_81",2008,16264.5
224,"Gracilaria seaweeds_81",2009,66110.25
224,"Gracilaria seaweeds_81",2010,9112.5
224,"Gracilaria seaweeds_81",2011,10851.75
224,"Gracilaria seaweeds_81",2012,3083.25
224,"Gracilaria seaweeds_81",2013,9345
224,"Gracilaria seaweeds_81",2014,9606
224,"Gracilaria seaweeds_81",2015,8964
224,"Gracilaria seaweeds_81",2016,11134.5
224,"Gracilaria seaweeds_81",2017,12543.915
224,"Gracilaria seaweeds_81",2018,15528.5175
231,"Eucheuma seaweeds nei_82",2007,333
231,"Eucheuma seaweeds nei_82",2008,900
231,"Eucheuma seaweeds nei_82",2009,1350
231,"Eucheuma seaweeds nei_82",2010,1350
231,"Eucheuma seaweeds nei_82",2011,1350
231,"Eucheuma seaweeds nei_82",2012,1350
231,"Eucheuma seaweeds nei_82",2013,1350
231,"Eucheuma seaweeds nei_82",2014,1350
231,"Eucheuma seaweeds nei_82",2015,1350
231,"Eucheuma seaweeds nei_82",2016,1350
231,"Eucheuma seaweeds nei_82",2017,1350
231,"Eucheuma seaweeds nei_82",2018,1350
